Genre; Année; Titre; Distributeur
Adventure;2000;How the Grinch Stole Christmas;Universal
Adventure;2000;Dinosaur;Walt Disney
Adventure;2000;Cast Away;20th Century Fox
Adventure;2000;Chicken Run;Dreamworks SKG
Adventure;2000;Space Cowboys;Warner Bros.
Adventure;2000;Rugrats in Paris;Paramount Pictures
Adventure;2000;Mission to Mars;Walt Disney
Adventure;2000;Stuart Little;Sony Pictures
Adventure;2000;102 Dalmatians;Walt Disney
Adventure;2000;The Emperor's New Groove;Walt Disney
Adventure;2000;The Road to El Dorado;Dreamworks SKG
Adventure;2000;The Tigger Movie;Walt Disney
Adventure;2000;Pokemon 2000;Warner Bros.
Adventure;2000;Toy Story 2;Walt Disney
Adventure;2000;The Adventures of Rocky & Bullwinkle;Universal
Adventure;2000;Titan A.E.;20th Century Fox
Adventure;2000;Thomas and the Magic Railroad;Destination Films
Adventure;2000;Dungeons and Dragons;New Line
Adventure;2000;The Little Vampire;New Line
Adventure;2000;Digimon: The Movie;20th Century Fox
Adventure;2000;T-Rex: Back to the Cretaceous;IMAX Films
Adventure;2000;Cyberworld 3D;IMAX Films
Adventure;2000;Pokemon: The First Movie;Warner Bros.
Adventure;2000;MVP: Most Valuable Primate;Box Office History for Keystone Entertainment
Adventure;2000;Star Wars Ep. I: The Phantom Menace;20th Century Fox
Adventure;2000;Across The Sea of Time;Box Office History for Sony Pictures Classics
Adventure;2000;Tarzan;Walt Disney
Adventure;2000;Kirikou and the Sorceress;ArtMattan Films
Adventure;2000;Sinbad: Beyond the Veil of Mists;Phaedra Cinema
Adventure;2001;Harry Potter and the Sorcerer’s Stone;Warner Bros.
Adventure;2001;Shrek;Dreamworks SKG
Adventure;2001;Monsters, Inc.;Walt Disney
Adventure;2001;The Lord of the Rings: The Fellowship of the Ring;New Line
Adventure;2001;The Mummy Returns;Universal
Adventure;2001;Planet of the Apes;20th Century Fox
Adventure;2001;Lara Croft: Tomb Raider;Paramount Pictures
Adventure;2001;Cast Away;20th Century Fox
Adventure;2001;Spy Kids;Miramax/Dimension
Adventure;2001;Atlantis: The Lost Empire;Walt Disney
Adventure;2001;Jimmy Neutron: Boy Genius;Paramount Pictures
Adventure;2001;A Knight’s Tale;Sony Pictures
Adventure;2001;The Emperor's New Groove;Walt Disney
Adventure;2001;Recess: School's Out;Walt Disney
Adventure;2001;Final Fantasy: The Spirits Within;Sony Pictures
Adventure;2001;Black Knight;20th Century Fox
Adventure;2001;The Musketeer;Universal
Adventure;2001;Pokemon 3: The Movie;Warner Bros.
Adventure;2001;102 Dalmatians;Walt Disney
Adventure;2001;Cyberworld 3D;IMAX Films
Adventure;2001;How the Grinch Stole Christmas;Universal
Adventure;2001;Rugrats in Paris;Paramount Pictures
Adventure;2001;T-Rex: Back to the Cretaceous;IMAX Films
Adventure;2001;Dungeons and Dragons;New Line
Adventure;2001;Across The Sea of Time;Box Office History for Sony Pictures Classics
Adventure;2001;Space Cowboys;Warner Bros.
Adventure;2001;2001: A Space Odyssey;MGM
Adventure;2001;Jabberwocky;
Adventure;2001;Kirikou and the Sorceress;ArtMattan Films
Adventure;2002;Spider-Man;Sony Pictures
Adventure;2002;Star Wars Ep. II: Attack of the Clones;20th Century Fox
Adventure;2002;The Lord of the Rings: The Two Towers;New Line
Adventure;2002;Harry Potter and the Chamber of Secrets;Warner Bros.
Adventure;2002;Ice Age;20th Century Fox
Adventure;2002;Scooby-Doo;Warner Bros.
Adventure;2002;Lilo & Stitch;Walt Disney
Adventure;2002;The Santa Clause 2;Walt Disney
Adventure;2002;The Lord of the Rings: The Fellowship of the Ring;New Line
Adventure;2002;Spy Kids 2: The Island of Lost Dreams;Miramax/Dimension
Adventure;2002;Snow Dogs;Walt Disney
Adventure;2002;E.T. the Extra-Terrestrial;Universal
Adventure;2002;Spirit: Stallion of the Cimarron;Dreamworks SKG
Adventure;2002;Stuart Little 2;Sony Pictures
Adventure;2002;The Time Machine;Dreamworks SKG
Adventure;2002;The Count of Monte Cristo;Walt Disney
Adventure;2002;Peter Pan: Return to Neverland;Walt Disney
Adventure;2002;Big Fat Liar;Universal
Adventure;2002;Star Trek: Nemesis;Paramount Pictures
Adventure;2002;Clockstoppers;Paramount Pictures
Adventure;2002;Treasure Planet;Walt Disney
Adventure;2002;The Wild Thornberrys Movie;Paramount Pictures
Adventure;2002;The Crocodile Hunter: Collision Course;MGM
Adventure;2002;Jonah: A VeggieTales Movie;Artisan
Adventure;2002;Jimmy Neutron: Boy Genius;Paramount Pictures
Adventure;2002;Harry Potter and the Sorcerer’s Stone;Warner Bros.
Adventure;2002;The Country Bears;Walt Disney
Adventure;2002;Hey Arnold! The Movie;Paramount Pictures
Adventure;2002;The Powerpuff Girls;Warner Bros.
Adventure;2002;Monsters, Inc.;Walt Disney
Adventure;2002;Spirited Away;Walt Disney
Adventure;2002;The Lion King;Walt Disney
Adventure;2002;T-Rex: Back to the Cretaceous;IMAX Films
Adventure;2002;Spider-Man/Men in Black II Double-Bill;Sony Pictures
Adventure;2002;The Fast Runner;Lot 47 Films
Adventure;2002;Pinocchio;Miramax
Adventure;2002;Santa vs. The Snowman;IMAX Films
Adventure;2002;Pokemon 4Ever;Miramax
Adventure;2002;Black Knight;20th Century Fox
Adventure;2002;Cyberworld 3D;IMAX Films
Adventure;2002;Metropolis;Sony Pictures
Adventure;2002;Planet of the Apes;20th Century Fox
Adventure;2002;Across The Sea of Time;Box Office History for Sony Pictures Classics
Adventure;2002;Hansel & Gretel;
Adventure;2002;Steel Spirit;Cinema Guild
Adventure;2003;Finding Nemo;Walt Disney
Adventure;2003;Pirates of the Caribbean: The Curse of the Black Pearl;Walt Disney
Adventure;2003;The Lord of the Rings: The Return of the King;New Line
Adventure;2003;Spy Kids 3-D: Game Over;Miramax/Dimension
Adventure;2003;The Italian Job;Paramount Pictures
Adventure;2003;Brother Bear;Walt Disney
Adventure;2003;Master and Commander: The Far Side of the World;20th Century Fox
Adventure;2003;The Lord of the Rings: The Two Towers;New Line
Adventure;2003;The Haunted Mansion;Walt Disney
Adventure;2003;Holes;Walt Disney
Adventure;2003;The League of Extraordinary Gentlemen;20th Century Fox
Adventure;2003;Lara Croft: Tomb Raider: The Cradle of Life;Paramount Pictures
Adventure;2003;The Jungle Book 2;Walt Disney
Adventure;2003;Agent Cody Banks;MGM
Adventure;2003;The Lizzie McGuire Movie;Walt Disney
Adventure;2003;Rugrats Go Wild;Paramount Pictures
Adventure;2003;Good Boy!;MGM
Adventure;2003;Peter Pan;Universal
Adventure;2003;Sinbad: Legend of the Seven Seas;Dreamworks SKG
Adventure;2003;Piglet's Big Movie;Walt Disney
Adventure;2003;Looney Tunes: Back in Action;Warner Bros.
Adventure;2003;Timeline;Paramount Pictures
Adventure;2003;Harry Potter and the Chamber of Secrets;Warner Bros.
Adventure;2003;The Lion King;Walt Disney
Adventure;2003;The Wild Thornberrys Movie;Paramount Pictures
Adventure;2003;Spirited Away;Walt Disney
Adventure;2003;T-Rex: Back to the Cretaceous;IMAX Films
Adventure;2003;Star Trek: Nemesis;Paramount Pictures
Adventure;2003;Young Black Stallion;Walt Disney
Adventure;2003;Treasure Planet;Walt Disney
Adventure;2003;Les Triplettes de Belleville;Sony Pictures
Adventure;2003;The Legend of Johnny Lingo;Box Office History for Innovation Film Group
Adventure;2003;The Santa Clause 2;Walt Disney
Adventure;2003;Santa vs. The Snowman;IMAX Films
Adventure;2003;Pokemon Heroes;Miramax
Adventure;2003;Help! I'm a Fish;
Adventure;2003;The Lord of the Rings: The Fellowship of the Ring;New Line
Adventure;2003;Pinocchio;Miramax
Adventure;2003;Spy Kids 2: The Island of Lost Dreams;Miramax/Dimension
Adventure;2003;Gerry;ThinkFilm
Adventure;2003;Jonah: A VeggieTales Movie;Artisan
Adventure;2003;Across The Sea of Time;Box Office History for Sony Pictures Classics
Adventure;2003;The Fast Runner;Lot 47 Films
Adventure;2004;Shrek 2;Dreamworks SKG
Adventure;2004;Spider-Man 2;Sony Pictures
Adventure;2004;The Incredibles;Walt Disney
Adventure;2004;Harry Potter and the Prisoner of Azkaban;Warner Bros.
Adventure;2004;The Day After Tomorrow;20th Century Fox
Adventure;2004;Shark Tale;Dreamworks SKG
Adventure;2004;The Polar Express;Warner Bros.
Adventure;2004;National Treasure;Walt Disney
Adventure;2004;Ocean’s Twelve;Warner Bros.
Adventure;2004;Lemony Snicket's A Series of Unfortunate Events;Paramount Pictures
Adventure;2004;The Lord of the Rings: The Return of the King;New Line
Adventure;2004;Scooby-Doo 2: Monsters Unleashed;Warner Bros.
Adventure;2004;SpongeBob SquarePants: The Movie;Paramount Pictures
Adventure;2004;Garfield: The Movie;20th Century Fox
Adventure;2004;The Chronicles of Riddick;Universal
Adventure;2004;King Arthur;Walt Disney
Adventure;2004;Sky Captain and the World of Tomorrow;Paramount Pictures
Adventure;2004;Around the World in 80 Days;Walt Disney
Adventure;2004;Agent Cody Banks 2: Destination London;MGM
Adventure;2004;Yu-Gi-Oh;Warner Bros.
Adventure;2004;Two Brothers;Universal
Adventure;2004;Flight of the Phoenix;20th Century Fox
Adventure;2004;Catch That Kid;20th Century Fox
Adventure;2004;Peter Pan;Universal
Adventure;2004;Master and Commander: The Far Side of the World;20th Century Fox
Adventure;2004;Superbabies: Baby Geniuses 2;Sony Pictures
Adventure;2004;Thunderbirds;Universal
Adventure;2004;Teacher's Pet: The Movie;Walt Disney
Adventure;2004;Les Triplettes de Belleville;Sony Pictures
Adventure;2004;The Haunted Mansion;Walt Disney
Adventure;2004;Young Black Stallion;Walt Disney
Adventure;2004;Clifford's Really Big Movie;Warner Bros.
Adventure;2004;T-Rex: Back to the Cretaceous;IMAX Films
Adventure;2004;Santa vs. The Snowman;IMAX Films
Adventure;2004;Brother Bear;Walt Disney
Adventure;2004;Lakshya;UTV Communications
Adventure;2004;The Legend of Johnny Lingo;Box Office History for Innovation Film Group
Adventure;2004;Timeline;Paramount Pictures
Adventure;2004;Looney Tunes: Back in Action;Warner Bros.
Adventure;2004;The Snow Walker;
Adventure;2004;Tokyo Godfathers;IDP Distribution
Adventure;2004;Spy Kids 3-D: Game Over;Miramax/Dimension
Adventure;2004;Kaena: La prophétie;IDP Distribution
Adventure;2004;Across The Sea of Time;Box Office History for Sony Pictures Classics
Adventure;2004;Good Boy!;MGM
Adventure;2005;Star Wars Ep. III: Revenge of the Sith;20th Century Fox
Adventure;2005;Harry Potter and the Goblet of Fire;Warner Bros.
Adventure;2005;The Chronicles of Narnia: The Lion, the Witch and the Wardrobe;Walt Disney
Adventure;2005;Charlie and the Chocolate Factory;Warner Bros.
Adventure;2005;Madagascar;Dreamworks SKG
Adventure;2005;King Kong;Universal
Adventure;2005;Chicken Little;Walt Disney
Adventure;2005;Robots;20th Century Fox
Adventure;2005;Sahara;Paramount Pictures
Adventure;2005;Herbie: Fully Loaded;Walt Disney
Adventure;2005;Sky High;Walt Disney
Adventure;2005;Wallace & Gromit: The Curse of the Were-Rabbit;Dreamworks SKG
Adventure;2005;Corpse Bride;Warner Bros.
Adventure;2005;The Hitchhiker's Guide to the Galaxy;Walt Disney
Adventure;2005;Racing Stripes;Warner Bros.
Adventure;2005;The Legend of Zorro;Sony Pictures
Adventure;2005;The Adventures of Sharkboy and Lavagirl in 3-D;Miramax/Dimension
Adventure;2005;The Brothers Grimm;Miramax/Dimension
Adventure;2005;Zathura;Sony Pictures
Adventure;2005;Lemony Snicket's A Series of Unfortunate Events;Paramount Pictures
Adventure;2005;Valiant;Walt Disney
Adventure;2005;Into the Blue;Sony Pictures
Adventure;2005;Ocean’s Twelve;Warner Bros.
Adventure;2005;National Treasure;Walt Disney
Adventure;2005;Pooh's Heffalump Movie;Walt Disney
Adventure;2005;The Polar Express;Warner Bros.
Adventure;2005;Son of the Mask;New Line
Adventure;2005;The Incredibles;Walt Disney
Adventure;2005;Howl’s Moving Castle;Walt Disney
Adventure;2005;Flight of the Phoenix;20th Century Fox
Adventure;2005;SpongeBob SquarePants: The Movie;Paramount Pictures
Adventure;2005;T-Rex: Back to the Cretaceous;IMAX Films
Adventure;2005;Bunty Aur Babli;Yash Raj Films
Adventure;2005;Duma;Warner Bros.
Adventure;2005;Shark Tale;Dreamworks SKG
Adventure;2005;Young Black Stallion;Walt Disney
Adventure;2005;Santa vs. The Snowman;IMAX Films
Adventure;2006;Pirates of the Caribbean: Dead Man’s Chest;Walt Disney
Adventure;2006;Cars;Walt Disney
Adventure;2006;The Da Vinci Code;Sony Pictures
Adventure;2006;Superman Returns;Warner Bros.
Adventure;2006;Ice Age: The Meltdown;20th Century Fox
Adventure;2006;Over the Hedge;Paramount Pictures
Adventure;2006;Night at the Museum;20th Century Fox
Adventure;2006;Open Season;Sony Pictures
Adventure;2006;The Santa Clause 3: The Escape Clause;Walt Disney
Adventure;2006;The Pink Panther;Sony Pictures
Adventure;2006;Eight Below;Walt Disney
Adventure;2006;The Chronicles of Narnia: The Lion, the Witch and the Wardrobe;Walt Disney
Adventure;2006;Monster House;Sony Pictures
Adventure;2006;Barnyard: The Original Party Animals;Paramount Pictures
Adventure;2006;R.V.;Sony Pictures
Adventure;2006;Flushed Away;Paramount Pictures
Adventure;2006;Poseidon;Warner Bros.
Adventure;2006;Curious George;Universal
Adventure;2006;Eragon;20th Century Fox
Adventure;2006;Hoodwinked;Weinstein Co.
Adventure;2006;King Kong;Universal
Adventure;2006;Nanny McPhee;Universal
Adventure;2006;The Wild;Walt Disney
Adventure;2006;Garfield: A Tail of Two Kitties;20th Century Fox
Adventure;2006;The Ant Bully;Warner Bros.
Adventure;2006;Harry Potter and the Goblet of Fire;Warner Bros.
Adventure;2006;Everyone's Hero;20th Century Fox
Adventure;2006;Zoom;Sony Pictures
Adventure;2006;Hoot;New Line
Adventure;2006;Doogal;Weinstein Co.
Adventure;2006;The Polar Express;Warner Bros.
Adventure;2006;Chicken Little;Walt Disney
Adventure;2006;Santa vs. The Snowman;IMAX Films
Adventure;2006;The Celestine Prophecy;Ram Entertainment
Adventure;2006;T-Rex: Back to the Cretaceous;IMAX Films
Adventure;2006;Lassie;IDP/Goldwyn/Roadside
Adventure;2006;Romeo & Juliet: Sealed with a Kiss;Indican Pictures
Adventure;2006;Kaptein Sabeltann;Indican Pictures
Adventure;2006;Wallace & Gromit: The Curse of the Were-Rabbit;Dreamworks SKG
Adventure;2007;Spider-Man 3;Sony Pictures
Adventure;2007;Shrek the Third;Paramount Pictures
Adventure;2007;Pirates of the Caribbean: At World’s End;Walt Disney
Adventure;2007;Harry Potter and the Order of the Phoenix;Warner Bros.
Adventure;2007;Ratatouille;Walt Disney
Adventure;2007;The Simpsons Movie;20th Century Fox
Adventure;2007;National Treasure: Book of Secrets;Walt Disney
Adventure;2007;Alvin and the Chipmunks;20th Century Fox
Adventure;2007;Night at the Museum;20th Century Fox
Adventure;2007;Bee Movie;Paramount Pictures
Adventure;2007;Enchanted;Walt Disney
Adventure;2007;Ocean's Thirteen;Warner Bros.
Adventure;2007;Meet the Robinsons;Walt Disney
Adventure;2007;Beowulf;Paramount Pictures
Adventure;2007;The Golden Compass;New Line
Adventure;2007;Surf’s Up;Sony Pictures
Adventure;2007;Underdog;Walt Disney
Adventure;2007;Stardust;Paramount Pictures
Adventure;2007;Mr. Bean’s Holiday;Universal
Adventure;2007;The Water Horse: Legend of the Deep;Sony Pictures
Adventure;2007;Nancy Drew;Warner Bros.
Adventure;2007;The Last Mimzy;New Line
Adventure;2007;Eragon;20th Century Fox
Adventure;2007;Happily N'Ever After;Lionsgate
Adventure;2007;Arthur et les Minimoys;Weinstein Co.
Adventure;2007;The Seeker: The Dark is Rising;20th Century Fox
Adventure;2007;Flushed Away;Paramount Pictures
Adventure;2007;The Polar Express;Warner Bros.
Adventure;2007;Santa vs. The Snowman;IMAX Films
Adventure;2007;The Ten Commandments;Box Office History for Rocky Mountain Pictures
Adventure;2007;The Santa Clause 3: The Escape Clause;Walt Disney
Adventure;2007;T-Rex: Back to the Cretaceous;IMAX Films
Adventure;2007;Romeo & Juliet: Sealed with a Kiss;Indican Pictures
Adventure;2007;Passage to Zarahemla;Somerset Films
Adventure;2007;Dus Kahaniyaan;Eros Entertainment
Adventure;2007;The Holy Mountain;Abkco Films
Adventure;2008;Iron Man;Paramount Pictures
Adventure;2008;Indiana Jones and the Kingdom of the Crystal Skull;Paramount Pictures
Adventure;2008;WALL-E;Walt Disney
Adventure;2008;Kung Fu Panda;Paramount Pictures
Adventure;2008;Madagascar: Escape 2 Africa;Paramount Pictures
Adventure;2008;Horton Hears a Who;20th Century Fox
Adventure;2008;The Chronicles of Narnia: Prince Caspian;Walt Disney
Adventure;2008;The Incredible Hulk;Universal
Adventure;2008;Bolt;Walt Disney
Adventure;2008;The Mummy: Tomb of the Dragon Emperor;Universal
Adventure;2008;Journey to the Center of the Earth;Warner Bros.
Adventure;2008;10,000 B.C.;Warner Bros.
Adventure;2008;Beverly Hills Chihuahua;Walt Disney
Adventure;2008;Bedtime Stories;Walt Disney
Adventure;2008;Jumper;20th Century Fox
Adventure;2008;The Day the Earth Stood Still;20th Century Fox
Adventure;2008;The Spiderwick Chronicles;Paramount Pictures
Adventure;2008;Fool’s Gold;Warner Bros.
Adventure;2008;Alvin and the Chipmunks;20th Century Fox
Adventure;2008;National Treasure: Book of Secrets;Walt Disney
Adventure;2008;Nim's Island;20th Century Fox
Adventure;2008;College Road Trip;Walt Disney
Adventure;2008;The Tale of Despereaux;Universal
Adventure;2008;Star Wars: The Clone Wars;Warner Bros.
Adventure;2008;Space Chimps;20th Century Fox
Adventure;2008;Igor;MGM
Adventure;2008;The Pirates Who Don't Do Anything: A VeggieTales Movie;Universal
Adventure;2008;Fly Me To the Moon;Summit Entertainment
Adventure;2008;The Water Horse: Legend of the Deep;Sony Pictures
Adventure;2008;Enchanted;Walt Disney
Adventure;2008;City of Ember;20th Century Fox
Adventure;2008;The Golden Compass;New Line
Adventure;2008;Bee Movie;Paramount Pictures
Adventure;2008;The Polar Express;Warner Bros.
Adventure;2008;Beowulf;Paramount Pictures
Adventure;2008;Babine;
Adventure;2008;Astérix aux Jeux Olympiques;
Adventure;2008;Delgo;Freestyle Releasing
Adventure;2008;Heroes;Eros Entertainment
Adventure;2008;Santa vs. The Snowman;IMAX Films
Adventure;2008;Drona;Eros Entertainment
Adventure;2008;C'est pas moi, je le jure!;
Adventure;2008;長江七號 (CJ7);Box Office History for Sony Pictures Classics
Adventure;2008;The Flyboys;Self Distributed
Adventure;2008;Christmas in Wonderland;Box Office History for Yari Film Group Releasing
Adventure;2008;A Plumm Summer;Freestyle Releasing
Adventure;2008;Roadside Romeo;Yash Raj Films
Adventure;2008;Passage to Zarahemla;Somerset Films
Adventure;2008;Mission Istaanbul;Raja Cinema
Adventure;2008;One Piece: Episode of Alabaster - Sabaku no Ojou to Kaizoku Tachi;The Bigger Picture
Adventure;2008;Solar Flare;Regent Releasing
Adventure;2008;Camille;A-Mark Entertainment
Adventure;2008;The Holy Mountain;Abkco Films
Adventure;2009;Harry Potter and the Half-Blood Prince;Warner Bros.
Adventure;2009;Up;Walt Disney
Adventure;2009;Star Trek;Paramount Pictures
Adventure;2009;Monsters vs. Aliens;Paramount Pictures
Adventure;2009;Ice Age: Dawn of the Dinosaurs;20th Century Fox
Adventure;2009;Night at the Museum: Battle of the Smithsonian;20th Century Fox
Adventure;2009;2012;Sony Pictures
Adventure;2009;Alvin and the Chipmunks: The Squeakquel;20th Century Fox
Adventure;2009;Sherlock Holmes;Warner Bros.
Adventure;2009;Cloudy with a Chance of Meatballs;Sony Pictures
Adventure;2009;G-Force;Walt Disney
Adventure;2009;The Princess and the Frog;Walt Disney
Adventure;2009;Where the Wild Things Are;Warner Bros.
Adventure;2009;Coraline;Focus Features
Adventure;2009;Race to Witch Mountain;Walt Disney
Adventure;2009;Planet 51;Sony Pictures
Adventure;2009;The Pink Panther 2;Sony Pictures
Adventure;2009;9;Focus Features
Adventure;2009;Toy Story 3D Double Feature;Walt Disney
Adventure;2009;Bedtime Stories;Walt Disney
Adventure;2009;Shorts;Warner Bros.
Adventure;2009;Astro Boy;Summit Entertainment
Adventure;2009;Inkheart;Warner Bros.
Adventure;2009;Ponyo (崖の上のポニョ);Walt Disney
Adventure;2009;Dragonball Evolution;20th Century Fox
Adventure;2009;The Tale of Despereaux;Universal
Adventure;2009;The Day the Earth Stood Still;20th Century Fox
Adventure;2009;Bolt;Walt Disney
Adventure;2009;Madagascar: Escape 2 Africa;Paramount Pictures
Adventure;2009;Fly Me To the Moon;Summit Entertainment
Adventure;2009;Battle for Terra;Roadside Attractions
Adventure;2009;Babine;
Adventure;2009;The Imaginarium of Doctor Parnassus;Box Office History for Sony Pictures Classics
Adventure;2009;Beverly Hills Chihuahua;Walt Disney
Adventure;2009;The Polar Express;Warner Bros.
Adventure;2009;El delfín: La historia de un soñador;
Adventure;2009;Evangerion shin gekijôban: Jo;Eleven Arts
Adventure;2009;Igor;MGM
Adventure;2009;Super Capers;Roadside Attractions
Adventure;2009;Severed Ways: The Norse Discovery of America;Magnolia Pictures
Adventure;2009;A Town Called Panic;Zeitgeist
Adventure;2009;Santa vs. The Snowman;IMAX Films
Adventure;2009;City of Ember;20th Century Fox
Adventure;2009;Confessions of a Ex-Doofus-Itchy Footed Mutha;Self Distributed
Adventure;2009;WALL-E;Walt Disney
Adventure;2010;Toy Story 3;Walt Disney
Adventure;2010;Alice in Wonderland;Walt Disney
Adventure;2010;Harry Potter and the Deathly Hallows: Part I;Warner Bros.
Adventure;2010;Despicable Me;Universal
Adventure;2010;Shrek Forever After;Paramount Pictures
Adventure;2010;How to Train Your Dragon;Paramount Pictures
Adventure;2010;Tangled;Walt Disney
Adventure;2010;Megamind;Paramount Pictures
Adventure;2010;The Last Airbender;Paramount Pictures
Adventure;2010;Tron: Legacy;Walt Disney
Adventure;2010;Percy Jackson & the Olympians: The Lightning Thief;20th Century Fox
Adventure;2010;The Chronicles of Narnia: The Voyage of the Dawn Treader;20th Century Fox
Adventure;2010;Sherlock Holmes;Warner Bros.
Adventure;2010;Yogi Bear;Warner Bros.
Adventure;2010;Alvin and the Chipmunks: The Squeakquel;20th Century Fox
Adventure;2010;The Sorcerer's Apprentice;Walt Disney
Adventure;2010;Tooth Fairy;20th Century Fox
Adventure;2010;Legend of the Guardians: The Owls of Ga'Hoole;Warner Bros.
Adventure;2010;Cats & Dogs: The Revenge of Kitty Galore;Warner Bros.
Adventure;2010;Nanny McPhee and the Big Bang;Universal
Adventure;2010;Gulliver's Travels;20th Century Fox
Adventure;2010;Alpha and Omega;Lionsgate
Adventure;2010;The Princess and the Frog;Walt Disney
Adventure;2010;The Imaginarium of Doctor Parnassus;Box Office History for Sony Pictures Classics
Adventure;2010;2012;Sony Pictures
Adventure;2010;Planet 51;Sony Pictures
Adventure;2010;The Secret of Kells;GKIDS
Adventure;2010;The Polar Express;Warner Bros.
Adventure;2010;Where the Wild Things Are;Warner Bros.
Adventure;2010;Cloudy with a Chance of Meatballs;Sony Pictures
Adventure;2010;Arthur and the War of Two Worlds;
Adventure;2010;Iron Man;Paramount Pictures
Adventure;2010;A Town Called Panic;Zeitgeist
Adventure;2010;L'illusionniste;Box Office History for Sony Pictures Classics
Adventure;2010;Astro Boy;Summit Entertainment
Adventure;2010;Gedo Senki;Walt Disney
Adventure;2010;Terkel i knibe;
Adventure;2010;Summer Wars;GKIDS
Adventure;2011;Harry Potter and the Deathly Hallows: Part II;Warner Bros.
Adventure;2011;Pirates of the Caribbean: On Stranger Tides;Walt Disney
Adventure;2011;Cars 2;Walt Disney
Adventure;2011;Rise of the Planet of the Apes;20th Century Fox
Adventure;2011;Kung Fu Panda 2;Paramount Pictures
Adventure;2011;Puss in Boots;Paramount Pictures
Adventure;2011;Rio;20th Century Fox
Adventure;2011;The Smurfs;Sony Pictures
Adventure;2011;Hop;Universal
Adventure;2011;Alvin and the Chipmunks: Chipwrecked;20th Century Fox
Adventure;2011;The Lion King;Walt Disney
Adventure;2011;The Muppets;Walt Disney
Adventure;2011;I am Number Four;Walt Disney
Adventure;2011;Diary of a Wimpy Kid: Rodrick Rules;20th Century Fox
Adventure;2011;The Adventures of Tintin;Paramount Pictures
Adventure;2011;Hugo;Paramount Pictures
Adventure;2011;Arthur Christmas;Sony Pictures
Adventure;2011;Tron: Legacy;Walt Disney
Adventure;2011;Spy Kids: All the Time in the World;Weinstein/Dimension
Adventure;2011;Yogi Bear;Warner Bros.
Adventure;2011;Tangled;Walt Disney
Adventure;2011;Winnie the Pooh;Walt Disney
Adventure;2011;Mars Needs Moms;Walt Disney
Adventure;2011;The Three Musketeers;Summit Entertainment
Adventure;2011;The Chronicles of Narnia: The Voyage of the Dawn Treader;20th Century Fox
Adventure;2011;Gulliver's Travels;20th Century Fox
Adventure;2011;Judy Moody and the Not Bummer Summer;Relativity
Adventure;2011;Harry Potter and the Deathly Hallows: Part I;Warner Bros.
Adventure;2011;Hoodwinked Too: Hood vs. Evil;Weinstein Co.
Adventure;2011;Megamind;Paramount Pictures
Adventure;2011;The Way Back;Newmarket Films
Adventure;2011;L'illusionniste;Box Office History for Sony Pictures Classics
Adventure;2011;The Lord of the Rings: The Return of the King;New Line
Adventure;2011;The Lord of the Rings: The Fellowship of the Ring;New Line
Adventure;2011;The Lord of the Rings: The Two Towers;New Line
Adventure;2011;The Polar Express;Warner Bros.
Adventure;2011;Arthur et la vengeance de Maltazard;Alliance Atlantis
Adventure;2011;Despicable Me;Universal
Adventure;2011;Legend of the Guardians: The Owls of Ga'Hoole;Warner Bros.
Adventure;2011;Summer Wars;GKIDS
Adventure;2011;Alabama Moon;Box Office History for Faulkner-McLean Entertainment
Adventure;2011;Mia et le Migou;GKIDS
Adventure;2011;OKA!;Dada Films
Adventure;2011;Terkel i knibe;
Adventure;2011;Miss Minoes;Music Box Films
Adventure;2011;Zokkomon;Walt Disney
Adventure;2012;The Hobbit: An Unexpected Journey;Warner Bros.
Adventure;2012;The Amazing Spider-Man;Sony Pictures
Adventure;2012;Brave;Walt Disney
Adventure;2012;Madagascar 3: Europe's Most Wanted;Paramount Pictures
Adventure;2012;Dr. Seuss’ The Lorax;Universal
Adventure;2012;Wreck-It Ralph;Walt Disney
Adventure;2012;Ice Age: Continental Drift;20th Century Fox
Adventure;2012;Snow White and the Huntsman;Universal
Adventure;2012;Hotel Transylvania;Sony Pictures
Adventure;2012;Journey 2: The Mysterious Island;Warner Bros.
Adventure;2012;Rise of the Guardians;Paramount Pictures
Adventure;2012;Wrath of the Titans;Warner Bros.
Adventure;2012;John Carter;Walt Disney
Adventure;2012;Mirror Mirror;Relativity
Adventure;2012;ParaNorman;Focus Features
Adventure;2012;Star Wars Ep. I: The Phantom Menace;20th Century Fox
Adventure;2012;Finding Nemo;Walt Disney
Adventure;2012;Alvin and the Chipmunks: Chipwrecked;20th Century Fox
Adventure;2012;Frankenweenie;Walt Disney
Adventure;2012;The Pirates! Band of Misfits;Sony Pictures
Adventure;2012;Monsters, Inc.;Walt Disney
Adventure;2012;The Adventures of Tintin;Paramount Pictures
Adventure;2012;Hugo;Paramount Pictures
Adventure;2012;Arrietty;Walt Disney
Adventure;2012;Cirque du Soleil: Worlds Away;Paramount Pictures
Adventure;2012;The Muppets;Walt Disney
Adventure;2012;Puss in Boots;Paramount Pictures
Adventure;2012;Raiders of the Lost Ark;Paramount Pictures
Adventure;2012;The Oogieloves in the BIG Balloon Adventure;Box Office History for Kenn Viselman Presents
Adventure;2012;Arthur Christmas;Sony Pictures
Adventure;2012;The Polar Express;Warner Bros.
Adventure;2012;Une vie de chat;Mongrel Media
Adventure;2012;Hagane no renkinjutsushi: Mirosu no seinaru hoshi;Eleven Arts
Adventure;2012;Na pude;Hannover House
Adventure;2012;La nouvelle guerre des boutons;Weinstein Co.
Adventure;2012;Le Voyage dans la Lune;
Adventure;2012;The Lion King;Walt Disney
Adventure;2012;Le chat du rabbin;GKIDS
Adventure;2012;OKA!;Dada Films
Adventure;2012;Miss Minoes;Music Box Films
Adventure;2012;Terkel i knibe;
Adventure;2013;The Hunger Games: Catching Fire;Lionsgate
Adventure;2013;Despicable Me 2;Universal
Adventure;2013;Monsters University;Walt Disney
Adventure;2013;Oz the Great and Powerful;Walt Disney
Adventure;2013;The Hobbit: The Desolation of Smaug;Warner Bros.
Adventure;2013;Star Trek Into Darkness;Paramount Pictures
Adventure;2013;The Croods;20th Century Fox
Adventure;2013;Cloudy with a Chance of Meatballs 2;Sony Pictures
Adventure;2013;Epic;20th Century Fox
Adventure;2013;Disney Planes;Walt Disney
Adventure;2013;Turbo;20th Century Fox
Adventure;2013;The Smurfs 2;Sony Pictures
Adventure;2013;Percy Jackson: Sea of Monsters;20th Century Fox
Adventure;2013;Jack the Giant Slayer;Warner Bros.
Adventure;2013;Ender’s Game;Lionsgate
Adventure;2013;Escape From Planet Earth;Weinstein Co.
Adventure;2013;Free Birds;Relativity
Adventure;2013;The Secret Life of Walter Mitty;20th Century Fox
Adventure;2013;Jurassic Park;Universal
Adventure;2013;The Hobbit: An Unexpected Journey;Warner Bros.
Adventure;2013;Walking with Dinosaurs;20th Century Fox
Adventure;2013;The Mortal Instruments: City of Bones;Sony Pictures
Adventure;2013;Wreck-It Ralph;Walt Disney
Adventure;2013;Rise of the Guardians;Paramount Pictures
Adventure;2013;Monsters, Inc.;Walt Disney
Adventure;2013;Hotel Transylvania;Sony Pictures
Adventure;2013;Cirque du Soleil: Worlds Away;Paramount Pictures
Adventure;2013;The Christmas Candle;Echolight Studios
Adventure;2013;The Lost Medallion: The Adventures of Billy Stone;Freestyle Releasing
Adventure;2013;Frankenweenie;Walt Disney
Adventure;2013;2001: A Space Odyssey;MGM
Adventure;2013;Gekijoban Mahou Shojo Madoka Magica Shinpen Hangyoku no Monogatari;Eleven Arts
Adventure;2013;Ernest et Celestine;Mongrel Media
Adventure;2013;Ice Age: Continental Drift;20th Century Fox
Adventure;2013;Di Renjie zhi shendu longwang;AMC Independent
Adventure;2013;Boule et Bill;Distrib Films
Adventure;2013;Zaytoun;Strand Releasing
Adventure;2013;Finding Nemo;Walt Disney
Adventure;2013;Brave;Walt Disney
Adventure;2013;Last Flight of the Champion;High Top Releasing
Adventure;2013;Terkel i knibe;
Adventure;2014;The Lego Movie;Warner Bros.
Adventure;2014;Maleficent;Walt Disney
Adventure;2014;The Hobbit: The Battle of the Five Armies;Warner Bros.
Adventure;2014;Big Hero 6;Walt Disney
Adventure;2014;Dawn of the Planet of the Apes;20th Century Fox
Adventure;2014;Teenage Mutant Ninja Turtles;Paramount Pictures
Adventure;2014;Interstellar;Paramount Pictures
Adventure;2014;How to Train Your Dragon 2;20th Century Fox
Adventure;2014;Divergent;Lionsgate
Adventure;2014;Rio 2;20th Century Fox
Adventure;2014;Mr. Peabody & Sherman;20th Century Fox
Adventure;2014;Penguins of Madagascar;20th Century Fox
Adventure;2014;Hercules;Paramount Pictures
Adventure;2014;Night at the Museum: Secret of the Tomb;20th Century Fox
Adventure;2014;The Nut Job;Open Road
Adventure;2014;Planes: Fire and Rescue;Walt Disney
Adventure;2014;Muppets Most Wanted;Walt Disney
Adventure;2014;The Boxtrolls;Focus Features
Adventure;2014;The Book of Life;20th Century Fox
Adventure;2014;Earth to Echo;Relativity
Adventure;2014;The Hobbit: The Desolation of Smaug;Warner Bros.
Adventure;2014;The Legend of Hercules;Lionsgate
Adventure;2014;The Hunger Games: Catching Fire;Lionsgate
Adventure;2014;The Secret Life of Walter Mitty;20th Century Fox
Adventure;2014;Legends of Oz: Dorothy’s Return;Box Office History for Clarius Entertainment
Adventure;2014;Walking with Dinosaurs;20th Century Fox
Adventure;2014;Cloudy with a Chance of Meatballs 2;Sony Pictures
Adventure;2014;Free Birds;Relativity
Adventure;2014;The Pirates;Well Go USA
Adventure;2014;Ernest et Celestine;Mongrel Media
Adventure;2014;2001: A Space Odyssey;MGM
Adventure;2014;Despicable Me 2;Universal
Adventure;2014;En solitaire;
Adventure;2014;Ender’s Game;Lionsgate
Adventure;2014;Song of the Sea;GKIDS
Adventure;2014;The Taking of Tiger Mountain;Well Go USA
Adventure;2014;Percy Jackson: Sea of Monsters;20th Century Fox
Adventure;2014;Rocks in My Pockets;Zeitgeist
Adventure;2014;The Hero of Color City;Magnolia Pictures
Adventure;2014;Yellow Day;Self Distributed
Adventure;2014;Xi you xiang mo pian;Magnolia Pictures
Adventure;2014;War of the World's Goliath;Anderson Digital
Adventure;2014;Le roi et l'oiseau;Rialto Pictures
Adventure;2014;Canopy;Monterey Media
Adventure;2014;Thunder and the House of Magic;Shout! Factory
Adventure;2014;Ragnarok;Magnolia Pictures
Adventure;2015;Star Wars Ep. VII: The Force Awakens;Walt Disney
Adventure;2015;Inside Out;Walt Disney
Adventure;2015;Minions;Universal
Adventure;2015;The Martian;20th Century Fox
Adventure;2015;Home;20th Century Fox
Adventure;2015;Hotel Transylvania 2;Sony Pictures
Adventure;2015;The SpongeBob Movie: Sponge Out of Water;Paramount Pictures
Adventure;2015;San Andreas;Warner Bros.
Adventure;2015;The Peanuts Movie;20th Century Fox
Adventure;2015;The Good Dinosaur;Walt Disney
Adventure;2015;Tomorrowland;Walt Disney
Adventure;2015;Paddington;Weinstein Co.
Adventure;2015;Alvin and the Chipmunks: The Road Chip;20th Century Fox
Adventure;2015;Night at the Museum: Secret of the Tomb;20th Century Fox
Adventure;2015;Everest;Universal
Adventure;2015;Max;Warner Bros.
Adventure;2015;Pan;Warner Bros.
Adventure;2015;The Hobbit: The Battle of the Five Armies;Warner Bros.
Adventure;2015;A Walk in the Woods;Broad Green Pictures
Adventure;2015;In the Heart of the Sea;Warner Bros.
Adventure;2015;Project Almanac;Paramount Pictures
Adventure;2015;Shaun the Sheep;Lionsgate
Adventure;2015;Seventh Son;Universal
Adventure;2015;Back to the Future;Universal
Adventure;2015;Big Hero 6;Walt Disney
Adventure;2015;Penguins of Madagascar;20th Century Fox
Adventure;2015;Un gallo con muchos huevos;Lionsgate
Adventure;2015;Interstellar;Paramount Pictures
Adventure;2015;Roar;
Adventure;2015;Astérix: Le domaine des dieux;Mongrel Media
Adventure;2015;The Ghouls;Box Office History for China Lion Film Distribution
Adventure;2015;The Revenant;20th Century Fox
Adventure;2015;The Polar Express;Warner Bros.
Adventure;2015;The Book of Life;20th Century Fox
Adventure;2015;Song of the Sea;GKIDS
Adventure;2015;Kahlil Gibran's The Prophet;GKIDS
Adventure;2015;Himalaya;CJ Entertainment
Adventure;2015;The Boxtrolls;Focus Features
Adventure;2015;Lang Tu Teng;Sony Pictures
Adventure;2015;The Young and Prodigious T.S. Spivet;Weinstein Co.
Adventure;2015;The Taking of Tiger Mountain;Well Go USA
Adventure;2015;Theeb;Film Movement
Adventure;2015;Hell & Back;Freestyle Releasing
Adventure;2015;O Menino e o Mundo;GKIDS
Adventure;2015;Trash;Focus Features
Adventure;2015;Le roi et l'oiseau;Rialto Pictures
Adventure;2015;Patch Town;Kino Lorber
Comedy;2000;Meet the Parents;Universal
Comedy;2000;Scary Movie;Miramax/Dimension
Comedy;2000;Nutty Professor II: The Klumps;Universal
Comedy;2000;Big Momma's House;20th Century Fox
Comedy;2000;Me, Myself & Irene;20th Century Fox
Comedy;2000;The Kid;Walt Disney
Comedy;2000;Road Trip;Dreamworks SKG
Comedy;2000;Bring it On;Universal
Comedy;2000;Snow Day;Paramount Pictures
Comedy;2000;The Whole Nine Yards;Warner Bros.
Comedy;2000;Next Friday;New Line
Comedy;2000;Miss Congeniality;Warner Bros.
Comedy;2000;The Replacements;Warner Bros.
Comedy;2000;Galaxy Quest;Dreamworks SKG
Comedy;2000;The Family Man;Universal
Comedy;2000;Little Nicky;New Line
Comedy;2000;Bedazzled;20th Century Fox
Comedy;2000;28 Days;Sony Pictures
Comedy;2000;Hanging Up;Sony Pictures
Comedy;2000;Dude, Where's My Car?;20th Century Fox
Comedy;2000;The Flintstones in Viva Rock Vegas;Universal
Comedy;2000;Almost Famous;Dreamworks SKG
Comedy;2000;High Fidelity;Walt Disney
Comedy;2000;Wonder Boys;Paramount Pictures
Comedy;2000;Deuce Bigalow: Male Gigolo;Walt Disney
Comedy;2000;Small Time Crooks;Dreamworks SKG
Comedy;2000;Best in Show;Warner Bros.
Comedy;2000;Drowning Mona;Destination Films
Comedy;2000;The Ladies Man;Paramount Pictures
Comedy;2000;The Crew;Walt Disney
Comedy;2000;Ready to Rumble;Warner Bros.
Comedy;2000;Saving Grace;Fine Line
Comedy;2000;3 Strikes;MGM
Comedy;2000;Play it to the Bone;Walt Disney
Comedy;2000;Screwed;Universal
Comedy;2000;What Planet Are You From?;Sony Pictures
Comedy;2000;Where the Money Is;USA Films
Comedy;2000;Held Up;Trimark
Comedy;2000;East is East;Miramax
Comedy;2000;Alien Adventure;nWave Pictures
Comedy;2000;Isn't She Great;Universal
Comedy;2000;But I'm a Cheerleader;Lionsgate
Comedy;2000;O Brother, Where Art Thou?;Walt Disney
Comedy;2000;La Vie Après L'Amour;Alliance Atlantis
Comedy;2000;The Broken Hearts Club: A Romantic Comedy;Box Office History for Sony Pictures Classics
Comedy;2000;Dogma;Lionsgate
Comedy;2000;Gun Shy;Walt Disney
Comedy;2000;State and Main;Fine Line
Comedy;2000;Groove;Box Office History for Sony Pictures Classics
Comedy;2000;Catfish in Black Bean Sauce;Phaedra Cinema
Comedy;2000;The Cup;Fine Line
Comedy;2000;Simpatico;Phaedra Cinema
Comedy;2000;New Waterford Girl;Alliance Atlantis
Comedy;2000;A Hard Day's Night;Universal
Comedy;2000;Superstar;Paramount Pictures
Comedy;2000;Luminarias;
Comedy;2000;Smiling Fish and Goat on Fire;
Comedy;2000;Psycho Beach Party;
Comedy;2000;Beautiful People;Trimark
Comedy;2000;The Closer You Get;
Comedy;2000;The Discreet Charm of the Bourgeoisie;
Comedy;2000;The Big Tease;Warner Bros.
Comedy;2000;La Bûche;Empire Pictures
Comedy;2000;Laura Cadieux .. La Suite;Alliance Atlantis
Comedy;2000;Agnes Browne;USA Films
Comedy;2000;Human Resources;
Comedy;2000;Bedrooms and Hallways;First Run Features
Comedy;2000;Adorenarin doraibu;Shooting Gallery
Comedy;2000;Blue Moon;Box Office History for Castle Hill Productions
Comedy;2000;Diamonds;Miramax
Comedy;2000;An Everlasting Piece;Dreamworks SKG
Comedy;2000;La Bouteille;Lionsgate
Comedy;2000;Billy Liar;Rialto Pictures
Comedy;2000;The Saragossa Manuscript;Cowboy Pictures
Comedy;2000;Bootmen;Fox Searchlight
Comedy;2000;2 Männer, 2 Frauen - 4 Probleme!?;
Comedy;2000;30 Days;Arrow Releasing
Comedy;2000;Aïe;
Comedy;2000;Mookie;
Comedy;2000;Les convoyeurs attendent;Samuel Goldwyn Films
Comedy;2000;Edge of Seventeen;Strand Releasing
Comedy;2000;Chutney Popcorn;First Look
Comedy;2000;L'Homme Nu;
Comedy;2000;Better Living;
Comedy;2001;American Pie 2;Universal
Comedy;2001;Dr. Dolittle 2;20th Century Fox
Comedy;2001;The Princess Diaries;Walt Disney
Comedy;2001;Legally Blonde;MGM
Comedy;2001;Cats & Dogs;Warner Bros.
Comedy;2001;Scary Movie 2;Miramax/Dimension
Comedy;2001;Down to Earth;Paramount Pictures
Comedy;2001;Miss Congeniality;Warner Bros.
Comedy;2001;Rat Race;Paramount Pictures
Comedy;2001;The Animal;Sony Pictures
Comedy;2001;Zoolander;Paramount Pictures
Comedy;2001;O Brother, Where Art Thou?;Walt Disney
Comedy;2001;Bandits;MGM
Comedy;2001;Heartbreakers;MGM
Comedy;2001;Evolution;Dreamworks SKG
Comedy;2001;Not Another Teen Movie;Sony Pictures
Comedy;2001;See Spot Run;Warner Bros.
Comedy;2001;The Family Man;Universal
Comedy;2001;What's the Worst That Could Happen?;MGM
Comedy;2001;Jay and Silent Bob Strike Back;Miramax/Dimension
Comedy;2001;The Brothers;Sony Pictures
Comedy;2001;Joe Dirt;Sony Pictures
Comedy;2001;Crocodile Dundee in Los Angeles;Paramount Pictures
Comedy;2001;How High;Universal
Comedy;2001;Corky Romano;Walt Disney
Comedy;2001;Kingdom Come;Fox Searchlight
Comedy;2001;Joe Somebody;20th Century Fox
Comedy;2001;Saving Silverman;Sony Pictures
Comedy;2001;Max Keeble's Big Move;Walt Disney
Comedy;2001;Josie and the Pussycats;Universal
Comedy;2001;Freddy Got Fingered;20th Century Fox
Comedy;2001;Out Cold;Walt Disney
Comedy;2001;Osmosis Jones;Warner Bros.
Comedy;2001;Tomcats;Sony Pictures
Comedy;2001;Sugar and Spice;New Line
Comedy;2001;Dude, Where's My Car?;20th Century Fox
Comedy;2001;The Wash;Lionsgate
Comedy;2001;The Curse of the Jade Scorpion;Dreamworks SKG
Comedy;2001;Le Placard;Miramax
Comedy;2001;State and Main;Fine Line
Comedy;2001;Made;Artisan
Comedy;2001;Meet the Parents;Universal
Comedy;2001;Just Visiting;Walt Disney
Comedy;2001;Tortilla Soup;IDP Distribution
Comedy;2001;Pootie Tang;Paramount Pictures
Comedy;2001;Monty Python and the Holy Grail;
Comedy;2001;Sidewalks of New York;Paramount Vantage
Comedy;2001;Escanaba in Da Moonlight;Purple Rose Films
Comedy;2001;The Dish;Warner Bros.
Comedy;2001;Gosford Park;USA Films
Comedy;2001;Novocaine;Artisan
Comedy;2001;Best in Show;Warner Bros.
Comedy;2001;Greenfingers;IDP Distribution
Comedy;2001;Nuit de Noces;Seville
Comedy;2001;The Debut;Box Office History for Menemsha Entertainment
Comedy;2001;Together;IFC Films
Comedy;2001;Les Boys III;Lionsgate
Comedy;2001;Alien Adventure;nWave Pictures
Comedy;2001;Blow Dry;Miramax
Comedy;2001;Little Nicky;New Line
Comedy;2001;Almost Famous;Dreamworks SKG
Comedy;2001;A Hard Day's Night;Universal
Comedy;2001;Bedazzled;20th Century Fox
Comedy;2001;Drôle de Félix;WinStar Cinema
Comedy;2001;Me You Them;
Comedy;2001;Wet Hot American Summer;
Comedy;2001;High Heels and Low Lifes;Walt Disney
Comedy;2001;Catfish in Black Bean Sauce;Phaedra Cinema
Comedy;2001;Funny Girl;Columbia
Comedy;2001;Fast Food, Fast Women;
Comedy;2001;About Adam;Miramax
Comedy;2001;La Bûche;Empire Pictures
Comedy;2001;Company Man;
Comedy;2001;Sordid Lives;Regent Releasing
Comedy;2001;Lisa Picard is Famous;
Comedy;2001;101 Reykjavík;
Comedy;2001;Wonder Boys;Paramount Pictures
Comedy;2001;Hit & Runway;
Comedy;2001;La Ciénaga;
Comedy;2001;Beautiful Creatures;Focus Features
Comedy;2001;The Broken Hearts Club: A Romantic Comedy;Box Office History for Sony Pictures Classics
Comedy;2001;Nationale 7;
Comedy;2001;An Everlasting Piece;Dreamworks SKG
Comedy;2001;Born Romantic;MGM
Comedy;2001;Luna Papa;
Comedy;2001;Amy;
Comedy;2001;Blue Moon;Box Office History for Castle Hill Productions
Comedy;2001;Psycho Beach Party;
Comedy;2001;Rat;
Comedy;2001;R2PC: Road to Park City;
Comedy;2001;Geboren in Absurdistan;
Comedy;2001;Luminarias;
Comedy;2001;Aïe;
Comedy;2002;Austin Powers in Goldmember;New Line
Comedy;2002;Mr. Deeds;Sony Pictures
Comedy;2002;Barbershop;MGM
Comedy;2002;The Divine Secrets of the Ya-Ya Sisterhood;Warner Bros.
Comedy;2002;Like Mike;20th Century Fox
Comedy;2002;Drumline;20th Century Fox
Comedy;2002;Orange County;Paramount Pictures
Comedy;2002;The Master of Disguise;Sony Pictures
Comedy;2002;Gosford Park;USA Films
Comedy;2002;Undercover Brother;Universal
Comedy;2002;Showtime;Warner Bros.
Comedy;2002;Friday After Next;New Line
Comedy;2002;Analyze That;Warner Bros.
Comedy;2002;The Banger Sisters;20th Century Fox
Comedy;2002;The Hot Chick;Walt Disney
Comedy;2002;The New Guy;Sony Pictures
Comedy;2002;All About the Benjamins;New Line
Comedy;2002;National Lampoon’s Van Wilder;Artisan
Comedy;2002;Super Troopers;Fox Searchlight
Comedy;2002;Punch-Drunk Love;Sony Pictures
Comedy;2002;Eight Legged Freaks;Warner Bros.
Comedy;2002;Kung Pow: Enter the Fist;20th Century Fox
Comedy;2002;Stealing Harvard;Sony Pictures
Comedy;2002;Monsoon Wedding;USA Films
Comedy;2002;Juwanna Mann;Warner Bros.
Comedy;2002;Sorority Boys;Walt Disney
Comedy;2002;S1m0ne;New Line
Comedy;2002;The Importance of Being Earnest;Miramax
Comedy;2002;How High;Universal
Comedy;2002;Adaptation;Sony Pictures
Comedy;2002;Real Women Have Curves;Newmarket Films
Comedy;2002;Igby Goes Down;MGM
Comedy;2002;The Adventures of Pluto Nash;Warner Bros.
Comedy;2002;Men with Brooms;Artisan
Comedy;2002;Mostly Martha (Drei Sterne);Paramount Vantage
Comedy;2002;Joe Somebody;20th Century Fox
Comedy;2002;Tadpole;Miramax
Comedy;2002;Not Another Teen Movie;Sony Pictures
Comedy;2002;Full Frontal;Miramax
Comedy;2002;The Man from Elysian Fields;Samuel Goldwyn Films
Comedy;2002;The Singles Ward;Box Office History for Halestorm Entertainment
Comedy;2002;My Wife is an Actress;Box Office History for Sony Pictures Classics
Comedy;2002;Sordid Lives;Regent Releasing
Comedy;2002;Human Nature;Fine Line
Comedy;2002;The Debut;Box Office History for Menemsha Entertainment
Comedy;2002;Son of the Bride;Box Office History for Sony Pictures Classics
Comedy;2002;Charly;Excel Entertainment
Comedy;2002;Scotland, PA;
Comedy;2002;Welcome to Collinwood;Warner Bros.
Comedy;2002;Alien Adventure;nWave Pictures
Comedy;2002;Elling;
Comedy;2002;Pumpkin;MGM
Comedy;2002;The Château;IFC Films
Comedy;2002;Out Cold;Walt Disney
Comedy;2002;Corky Romano;Walt Disney
Comedy;2002;Monty Python and the Holy Grail;
Comedy;2002;Cherish;Fine Line
Comedy;2002;Max Keeble's Big Move;Walt Disney
Comedy;2002;Bartleby;Outrider Pictures
Comedy;2002;American Chai;Magic Lamp
Comedy;2002;The Producers;
Comedy;2002;Bandits;MGM
Comedy;2002;Spooky House;
Comedy;2002;God is Great, I'm Not;
Comedy;2002;Manna From Heaven;Box Office History for Five Sisters Productions
Comedy;2002;The Wash;Lionsgate
Comedy;2002;Sidewalks of New York;Paramount Vantage
Comedy;2002;Lucky Break;Paramount Pictures
Comedy;2002;La Ciénaga;
Comedy;2002;Together;IFC Films
Comedy;2002;All the Queen's Men;Strand Releasing
Comedy;2002;The Princess Diaries;Walt Disney
Comedy;2002;30 Years to Life;
Comedy;2002;The Mesmerist;
Comedy;2002;The Next Big Thing;
Comedy;2002;Zoolander;Paramount Pictures
Comedy;2002;La Bûche;Empire Pictures
Comedy;2002;The Phantom of Liberty;
Comedy;2002;The Wetonkawa Flash;Indican Pictures
Comedy;2002;Drôle de Félix;WinStar Cinema
Comedy;2002;The Last Man;
Comedy;2002;Secret Society;
Comedy;2002;The 4th Tenor;
Comedy;2002;Dead or Alive;
Comedy;2002;Besotted;Artistic License
Comedy;2002;Hit & Runway;
Comedy;2003;Bruce Almighty;Universal
Comedy;2003;Elf;New Line
Comedy;2003;Anger Management;Sony Pictures
Comedy;2003;Bringing Down the House;Walt Disney
Comedy;2003;Freaky Friday;Walt Disney
Comedy;2003;Scary Movie 3;Miramax/Dimension
Comedy;2003;American Wedding;Universal
Comedy;2003;Daddy Day Care;Sony Pictures
Comedy;2003;Dr. Seuss’ The Cat in the Hat;Universal
Comedy;2003;Legally Blonde 2: Red, White & Blonde;MGM
Comedy;2003;Cheaper by the Dozen;20th Century Fox
Comedy;2003;School of Rock;Paramount Pictures
Comedy;2003;Old School;Dreamworks SKG
Comedy;2003;Kangaroo Jack;Warner Bros.
Comedy;2003;Under the Tuscan Sun;Walt Disney
Comedy;2003;Head of State;Dreamworks SKG
Comedy;2003;Uptown Girls;MGM
Comedy;2003;Matchstick Men;Warner Bros.
Comedy;2003;What a Girl Wants;Warner Bros.
Comedy;2003;Malibu’s Most Wanted;Warner Bros.
Comedy;2003;Bend it Like Beckham;Fox Searchlight
Comedy;2003;Stuck On You;20th Century Fox
Comedy;2003;The Fighting Temptations;Paramount Pictures
Comedy;2003;Dumb and Dumberer: When Harry Met Lloyd;New Line
Comedy;2003;Dickie Roberts: Former Child Star;Paramount Pictures
Comedy;2003;The In-Laws;Warner Bros.
Comedy;2003;A Mighty Wind;Warner Bros.
Comedy;2003;Adaptation;Sony Pictures
Comedy;2003;View from the Top;Miramax
Comedy;2003;Mambo Italiano;Box Office History for Goldwyn Entertainment
Comedy;2003;Le Divorce;Fox Searchlight
Comedy;2003;Drumline;20th Century Fox
Comedy;2003;Boat Trip;Artisan
Comedy;2003;La Grande Seduction;Odeon Films
Comedy;2003;It Runs in the Family;MGM
Comedy;2003;Calendar Girls;Walt Disney
Comedy;2003;Chasing Papi;20th Century Fox
Comedy;2003;The Hot Chick;Walt Disney
Comedy;2003;Grind;Warner Bros.
Comedy;2003;The Guru;Universal
Comedy;2003;Pieces of April;MGM
Comedy;2003;Marci X;Paramount Pictures
Comedy;2003;Camp;IFC Films
Comedy;2003;Analyze That;Warner Bros.
Comedy;2003;Bubba Ho-Tep;Vitagraph Films
Comedy;2003;The R.M.;Halestone
Comedy;2003;The Man Without a Past;Box Office History for Sony Pictures Classics
Comedy;2003;Party Monster;ContentFilm
Comedy;2003;Friday After Next;New Line
Comedy;2003;Pere et Fils;Odeon Films
Comedy;2003;Barbershop;MGM
Comedy;2003;Real Women Have Curves;Newmarket Films
Comedy;2003;Manna From Heaven;Box Office History for Five Sisters Productions
Comedy;2003;Buffalo Soldiers;Miramax
Comedy;2003;The Lawless Heart;
Comedy;2003;The Singing Detective;Paramount Pictures
Comedy;2003;The Trip;
Comedy;2003;Annie Brocoli dans les fonds marins;
Comedy;2003;The Battle of Shaker Heights;Miramax
Comedy;2003;Foolproof;
Comedy;2003;Charly;Excel Entertainment
Comedy;2003;Chaos;New Yorker
Comedy;2003;Sordid Lives;Regent Releasing
Comedy;2003;Pride and Prejudice;Excel Entertainment
Comedy;2003;Bon Voyage!;Walt Disney
Comedy;2003;Super Sucker;
Comedy;2003;Ek Aur Ek Gyarah;Eros Entertainment
Comedy;2003;Green Card Fever;
Comedy;2003;Almost Salinas;
Comedy;2003;Igby Goes Down;MGM
Comedy;2003;Babí léto;First Look
Comedy;2003;30 Years to Life;
Comedy;2003;Alien Adventure;nWave Pictures
Comedy;2003;Tadpole;Miramax
Comedy;2003;Modern Times;Kino International
Comedy;2003;Monty Python and the Holy Grail;
Comedy;2003;The Sea;
Comedy;2003;Kart Racer;
Comedy;2003;The Man from Elysian Fields;Samuel Goldwyn Films
Comedy;2003;Hotel;
Comedy;2003;Teknolust;
Comedy;2003;P.S. Your Cat is Dead;
Comedy;2003;18 ans après;
Comedy;2003;Nine Dead Gay Guys;TLA Releasing
Comedy;2003;Suddenly;
Comedy;2003;Mostly Martha (Drei Sterne);Paramount Vantage
Comedy;2003;The Anarchist Cookbook;Box Office History for Innovation Film Group
Comedy;2003;Martin and Orloff;Spit and Glue
Comedy;2003;The Work and the Story;Box Office History for Off-Hollywood Distribution
Comedy;2003;Da wan;Box Office History for Sony Pictures Classics
Comedy;2003;The Producers;
Comedy;2004;Meet the Fockers;Universal
Comedy;2004;Dodgeball: A True Underdog Story;20th Century Fox
Comedy;2004;Starsky & Hutch;Warner Bros.
Comedy;2004;Mean Girls;Paramount Pictures
Comedy;2004;Anchorman: The Legend of Ron Burgundy;Dreamworks SKG
Comedy;2004;Christmas with the Kranks;Sony Pictures
Comedy;2004;White Chicks;Sony Pictures
Comedy;2004;Barbershop 2: Back in Business;MGM
Comedy;2004;Without a Paddle;Paramount Pictures
Comedy;2004;Cheaper by the Dozen;20th Century Fox
Comedy;2004;Napoleon Dynamite;Fox Searchlight
Comedy;2004;Raising Helen;Walt Disney
Comedy;2004;Eternal Sunshine of the Spotless Mind;Focus Features
Comedy;2004;Fat Albert;20th Century Fox
Comedy;2004;Team America: World Police;Paramount Pictures
Comedy;2004;Johnson Family Vacation;Fox Searchlight
Comedy;2004;Spanglish;Sony Pictures
Comedy;2004;Confessions of a Teenage Drama Queen;Walt Disney
Comedy;2004;Jersey Girl;Miramax
Comedy;2004;Calendar Girls;Walt Disney
Comedy;2004;Ella Enchanted;Miramax
Comedy;2004;Mr. 3000;Walt Disney
Comedy;2004;Life of Brian;Warner Bros.
Comedy;2004;Harold & Kumar Go to White Castle;New Line
Comedy;2004;Eurotrip;Dreamworks SKG
Comedy;2004;My Baby's Daddy;Miramax
Comedy;2004;The Whole Ten Yards;Warner Bros.
Comedy;2004;The Life Aquatic with Steve Zissou;Walt Disney
Comedy;2004;Welcome to Mooseport;20th Century Fox
Comedy;2004;Shaun of the Dead;Focus/Rogue Pictures
Comedy;2004;New York Minute;Warner Bros.
Comedy;2004;Soul Plane;MGM
Comedy;2004;Alfie;Paramount Pictures
Comedy;2004;I Heart Huckabees;Fox Searchlight
Comedy;2004;The Cookout;Lionsgate
Comedy;2004;Surviving Christmas;Dreamworks SKG
Comedy;2004;The Perfect Score;Paramount Pictures
Comedy;2004;Sleepover;MGM
Comedy;2004;Connie and Carla;Universal
Comedy;2004;The Big Bounce;Warner Bros.
Comedy;2004;Club Dread;Fox Searchlight
Comedy;2004;A Day Without a Mexican;Televisa Cine
Comedy;2004;Good Bye, Lenin!;Box Office History for Sony Pictures Classics
Comedy;2004;Camping Sauvage;Alliance Atlantis
Comedy;2004;Stuck On You;20th Century Fox
Comedy;2004;Elf;New Line
Comedy;2004;Bon Voyage;Sony Pictures
Comedy;2004;Dans une galaxie près de chez vous - Le film;Distributor Unknown
Comedy;2004;Coffee and Cigarettes;MGM
Comedy;2004;La Grande Seduction;Odeon Films
Comedy;2004;Dr. Seuss’ The Cat in the Hat;Universal
Comedy;2004;A Dirty Shame;Fine Line
Comedy;2004;The Best Two Years;Box Office History for Halestorm Entertainment
Comedy;2004;School of Rock;Paramount Pictures
Comedy;2004;Bright Young Things;ThinkFilm
Comedy;2004;Intermission;IFC Films
Comedy;2004;Shaolin Soccer;Miramax
Comedy;2004;The Last Shot;Walt Disney
Comedy;2004;Scary Movie 3;Miramax/Dimension
Comedy;2004;National Lampoon's Gold Diggers;P&A Releasing
Comedy;2004;Alien Adventure;nWave Pictures
Comedy;2004;How to Get the Man's Foot Outta Your Ass;Box Office History for Sony Pictures Classics
Comedy;2004;She Hate Me;Sony Pictures
Comedy;2004;Kitchen Stories;IFC Films
Comedy;2004;Hair Show;Box Office History for Innovation Film Group
Comedy;2004;Under the Tuscan Sun;Walt Disney
Comedy;2004;Los novios búlgaros;TLA Releasing
Comedy;2004;Wilbur Wants to Kill Himself;ThinkFilm
Comedy;2004;In Good Company;Universal
Comedy;2004;Remember Me, My Love;IDP Distribution
Comedy;2004;Pride and Prejudice;Excel Entertainment
Comedy;2004;Tais Toi;
Comedy;2004;The Home Teachers;Box Office History for Halestorm Entertainment
Comedy;2004;Danny Deckchair;Lionsgate
Comedy;2004;Two Men Went to War;Indican Pictures
Comedy;2004;Baptists At Our Barbecue;Film Movement
Comedy;2004;Pieces of April;MGM
Comedy;2004;The Lost Skeleton of Cadavra;
Comedy;2004;Hulchul;
Comedy;2004;Ha-Kochavim Shel Shlomi;Strand Releasing
Comedy;2004;Modern Times;Kino International
Comedy;2004;Annie Brocoli dans les fonds marins;
Comedy;2004;My Mother Likes Women;Norador Productions
Comedy;2004;The Seagull's Laughter;Cinema Guild
Comedy;2004;Hollywood Buddha;Box Office History for Northern Arts Entertainment
Comedy;2004;Eulogy;Artisan
Comedy;2004;Cachorro;TLA Releasing
Comedy;2004;Un couple épatant;Magnolia Pictures
Comedy;2004;Freaky Friday;Walt Disney
Comedy;2004;Justice;Jujitsu Films
Comedy;2004;Vodka Lemon;New Yorker
Comedy;2004;Sex is Comedy;IFC Films
Comedy;2004;Showboy;Regent Releasing
Comedy;2004;Cowboys and Angels;TLA Releasing
Comedy;2004;Last Life in the Universe;
Comedy;2004;Chooch;Artistic License
Comedy;2004;The Raspberry Reich;Strand Releasing
Comedy;2004;Bubba Ho-Tep;Vitagraph Films
Comedy;2004;A Foreign Affair;Box Office History for Innovation Film Group
Comedy;2004;A Fish Without a Bicycle;Newmark/Echelon Ent.
Comedy;2004;Fear and Trembling;Cinema Guild
Comedy;2004;Frankie & Johnny Are Married;IFC Films
Comedy;2004;Dopo mezzanotte;Avatar
Comedy;2004;Martin and Orloff;Spit and Glue
Comedy;2004;Merci Docteur Rey;Regent Releasing
Comedy;2004;Straight-Jacket;Regent Releasing
Comedy;2004;You, I Love (Ya lyublu tebya);Box Office History for Picture This Entertainment
Comedy;2004;Off the Lip;Hannover House
Comedy;2004;Party Monster;ContentFilm
Comedy;2004;The Singing Detective;Paramount Pictures
Comedy;2004;Wasabi Tuna;Indican Pictures
Comedy;2004;The Work and the Story;Box Office History for Off-Hollywood Distribution
Comedy;2004;Suddenly;
Comedy;2004;My Wife Maurice;TLA Releasing
Comedy;2004;Stella Street;Strand Releasing
Comedy;2004;The Green Butchers;Newmarket Films
Comedy;2004;Manna From Heaven;Box Office History for Five Sisters Productions
Comedy;2004;Nine Dead Gay Guys;TLA Releasing
Comedy;2004;Babí léto;First Look
Comedy;2004;What Boys Like;
Comedy;2004;800 balas;TLA Releasing
Comedy;2005;Wedding Crashers;New Line
Comedy;2005;The Longest Yard;Paramount Pictures
Comedy;2005;Meet the Fockers;Universal
Comedy;2005;The Pacifier;Walt Disney
Comedy;2005;Are We There Yet?;Sony Pictures
Comedy;2005;The Dukes of Hazzard;Warner Bros.
Comedy;2005;Guess Who;Sony Pictures
Comedy;2005;Bewitched;Sony Pictures
Comedy;2005;Be Cool;MGM
Comedy;2005;Kicking and Screaming;Universal
Comedy;2005;Yours, Mine and Ours;Paramount Pictures
Comedy;2005;Cheaper by the Dozen 2;20th Century Fox
Comedy;2005;Miss Congeniality 2: Armed and Fabulous;Warner Bros.
Comedy;2005;In Good Company;Universal
Comedy;2005;The Family Stone;20th Century Fox
Comedy;2005;Beauty Shop;MGM
Comedy;2005;The Bad News Bears;Paramount Pictures
Comedy;2005;Because of Winn-Dixie;20th Century Fox
Comedy;2005;Rumor Has It;Warner Bros.
Comedy;2005;Ice Princess;Walt Disney
Comedy;2005;Deuce Bigalow: European Gigolo;Sony Pictures
Comedy;2005;The Ringer;Fox Searchlight
Comedy;2005;Man of the House;Sony Pictures
Comedy;2005;Roll Bounce;Fox Searchlight
Comedy;2005;Rebound;20th Century Fox
Comedy;2005;Waiting...;Lionsgate
Comedy;2005;Fat Albert;20th Century Fox
Comedy;2005;Broken Flowers;Focus Features
Comedy;2005;The Honeymooners;Paramount Pictures
Comedy;2005;Spanglish;Sony Pictures
Comedy;2005;In the Mix;Lionsgate
Comedy;2005;The Life Aquatic with Steve Zissou;Walt Disney
Comedy;2005;The Man;New Line
Comedy;2005;Millions;Fox Searchlight
Comedy;2005;Underclassman;Miramax
Comedy;2005;Kiss Kiss, Bang Bang;Warner Bros.
Comedy;2005;Me and You and Everyone We Know;IFC Films
Comedy;2005;Melinda and Melinda;Fox Searchlight
Comedy;2005;El Vacilón: The Movie;Freestyle Releasing
Comedy;2005;Salaam Namaste;Yash Raj Films
Comedy;2005;Thumbsucker;Box Office History for Sony Pictures Classics
Comedy;2005;Saving Face;Box Office History for Sony Pictures Classics
Comedy;2005;Après vous...;Paramount Vantage
Comedy;2005;The Thing About My Folks;Picturehouse
Comedy;2005;Saint Ralph;Samuel Goldwyn Films
Comedy;2005;No Entry;Eros Entertainment
Comedy;2005;Christmas with the Kranks;Sony Pictures
Comedy;2005;Schultze Gets the Blues;Paramount Vantage
Comedy;2005;Bluff Master;UTV Communications
Comedy;2005;Mrs. Henderson Presents;Weinstein Co.
Comedy;2005;Mobsters and Mormons;Box Office History for Halestorm Entertainment
Comedy;2005;A Wake in Providence;Indican Pictures
Comedy;2005;Shaadi No. 1;Eros Entertainment
Comedy;2005;Pretty Persuasion;Samuel Goldwyn Films
Comedy;2005;Christmas in the Clouds;Slowhand Cinema
Comedy;2005;Alien Adventure;nWave Pictures
Comedy;2005;Up & Down;Box Office History for Sony Pictures Classics
Comedy;2005;Nina's Tragedies;WellSpring
Comedy;2005;Down and Derby;Freestyle Releasing
Comedy;2005;El abrazo partido;New Yorker
Comedy;2005;I Heart Huckabees;Fox Searchlight
Comedy;2005;Uncle Nino;Lange
Comedy;2005;Eating Out;Box Office History for Ariztical Entertainment
Comedy;2005;Dirty Deeds;Freestyle Releasing
Comedy;2005;The Boys from County Clare;First Look
Comedy;2005;Cote d'Azur;Strand Releasing
Comedy;2005;Napoleon Dynamite;Fox Searchlight
Comedy;2005;5×2;ThinkFilm
Comedy;2005;Garcon Stupide;Box Office History for Picture This Entertainment
Comedy;2005;Sons of Provo;Box Office History for Halestorm Entertainment
Comedy;2005;Fear and Trembling;Cinema Guild
Comedy;2005;Ek Khiladi Ek Haseena;Eros Entertainment
Comedy;2005;Torremolinos 73;First Run Features
Comedy;2005;Funny Ha Ha;Box Office History for Goodbye Cruel Releasing
Comedy;2005;The Syrian Bride;Koch Lorber Films
Comedy;2005;The Talent Given Us;Vitagraph Films
Comedy;2005;Mail Order Wife;Box Office History for First Independent/Dada Films
Comedy;2005;Dorian Blues;TLA Releasing
Comedy;2005;Home Delivery;Eros Entertainment
Comedy;2005;Le Vieil homme et l enfant;Cinema V
Comedy;2005;Without a Paddle;Paramount Pictures
Comedy;2005;Blackball;First Look
Comedy;2005;Never Been Thawed;Indican Pictures
Comedy;2005;Manna From Heaven;Box Office History for Five Sisters Productions
Comedy;2005;You, I Love (Ya lyublu tebya);Box Office History for Picture This Entertainment
Comedy;2005;Baptists At Our Barbecue;Film Movement
Comedy;2005;Margaret Cho: Assassin;Regent Releasing
Comedy;2005;Le Grand Role;First Run Features
Comedy;2005;Jiminy Glick in Lalawood;MGM
Comedy;2005;Dirty Love;First Look
Comedy;2005;Cachorro;TLA Releasing
Comedy;2005;Kamikaze Girls;Viz Pictures
Comedy;2005;Straight-Jacket;Regent Releasing
Comedy;2005;Dopo mezzanotte;Avatar
Comedy;2005;Wasabi Tuna;Indican Pictures
Comedy;2005;Ellie Parker;Strand Releasing
Comedy;2005;National Lampoon's Barely Legal;Sony Pictures
Comedy;2005;Sequins;New Yorker
Comedy;2005;Vodka Lemon;New Yorker
Comedy;2005;Cape of Good Hope;Artistic License
Comedy;2005;Drivers Wanted;Indican Pictures
Comedy;2005;Team America: World Police;Paramount Pictures
Comedy;2005;Sex, Politics & Cocktails;Regent Releasing
Comedy;2005;Screen Door Jesus;Indican Pictures
Comedy;2005;Bigger Than the Sky;MGM
Comedy;2005;The Reception;Strand Releasing
Comedy;2005;La Grande Seduction;Odeon Films
Comedy;2005;Night of Henna;Illuminare
Comedy;2005;Jigureul Jikyeora!;Koch Lorber Films
Comedy;2005;Formula 17;Strand Releasing
Comedy;2005;CSA: The Confederate States of America;IFC Films
Comedy;2005;A Tale of Two Pizzas;Cockeyed Caravan
Comedy;2005;Duane Hopwood;IFC Films
Comedy;2005;Go For Zucker;First Run Features
Comedy;2005;A Halfway House Christmas;Lumpy Rock
Comedy;2005;All Babes Want to Kill Me;High Cotton Films
Comedy;2005;Winning Girls Through Psychic Mind Control;Psychic Girls
Comedy;2005;One More Round;Silver Plane Films
Comedy;2005;Alfie;Paramount Pictures
Comedy;2005;My Big Fat Independent Movie;Big Fat Movies
Comedy;2005;The Helix…Loaded;Romar
Comedy;2005;A Hole in My Heart;Newmarket Films
Comedy;2005;I Love Your Work;ThinkFilm
Comedy;2005;Sex is Comedy;IFC Films
Comedy;2005;Sex Sells: The Making of Touche;HB Filmworks
Comedy;2005;Two Men Went to War;Indican Pictures
Comedy;2005;The Raspberry Reich;Strand Releasing
Comedy;2005;Spooky House;
Comedy;2006;Talladega Nights: The Ballad of Ricky Bobby;Sony Pictures
Comedy;2006;Click;Sony Pictures
Comedy;2006;Borat;20th Century Fox
Comedy;2006;The Devil Wears Prada;20th Century Fox
Comedy;2006;Scary Movie 4;Weinstein/Dimension
Comedy;2006;Nacho Libre;Paramount Pictures
Comedy;2006;You, Me and Dupree;Universal
Comedy;2006;Big Momma's House 2;20th Century Fox
Comedy;2006;Madea's Family Reunion;Lionsgate
Comedy;2006;The Shaggy Dog;Walt Disney
Comedy;2006;The Benchwarmers;Sony Pictures
Comedy;2006;Little Miss Sunshine;Fox Searchlight
Comedy;2006;Little Man;Sony Pictures
Comedy;2006;Date Movie;20th Century Fox
Comedy;2006;Stranger Than Fiction;Sony Pictures
Comedy;2006;Last Holiday;Paramount Pictures
Comedy;2006;Man of the Year;Universal
Comedy;2006;Accepted;Universal
Comedy;2006;Deck the Halls;20th Century Fox
Comedy;2006;Cheaper by the Dozen 2;20th Century Fox
Comedy;2006;Employee of the Month;Lionsgate
Comedy;2006;Stick It;Walt Disney
Comedy;2006;Clerks II;MGM
Comedy;2006;ATL;Warner Bros.
Comedy;2006;A Prairie Home Companion;Picturehouse
Comedy;2006;Beerfest;Warner Bros.
Comedy;2006;Aquamarine;20th Century Fox
Comedy;2006;Rumor Has It;Warner Bros.
Comedy;2006;School for Scoundrels;MGM
Comedy;2006;The Family Stone;20th Century Fox
Comedy;2006;Larry the Cable Guy: Health Inspector;Lionsgate
Comedy;2006;The Ringer;Fox Searchlight
Comedy;2006;Unaccompanied Minors;Warner Bros.
Comedy;2006;Friends with Money;Box Office History for Sony Pictures Classics
Comedy;2006;How to Eat Fried Worms;New Line
Comedy;2006;Bon Cop, Bad Cop;Alliance Atlantis
Comedy;2006;Material Girls;MGM
Comedy;2006;Mrs. Henderson Presents;Weinstein Co.
Comedy;2006;Scoop;Focus/Rogue Pictures
Comedy;2006;Tenacious D in: The Pick of Destiny;New Line
Comedy;2006;Running With Scissors;Sony Pictures
Comedy;2006;Grandma’s Boy;20th Century Fox
Comedy;2006;For Your Consideration;Warner Independent
Comedy;2006;Volver;Box Office History for Sony Pictures Classics
Comedy;2006;La science des rêves;Warner Independent
Comedy;2006;Let's Go to Prison;Universal
Comedy;2006;Keeping Up with the Steins;Miramax
Comedy;2006;Van Wilder Deux: The Rise of Taj;MGM
Comedy;2006;Art School Confidential;Box Office History for Sony Pictures Classics
Comedy;2006;Yours, Mine and Ours;Paramount Pictures
Comedy;2006;Le Secret de ma Mere;Alliance Atlantis
Comedy;2006;Lage Raho Munna Bhai;Eros Entertainment
Comedy;2006;Strangers with Candy;ThinkFilm
Comedy;2006;The History Boys;Fox Searchlight
Comedy;2006;Shortbus;ThinkFilm
Comedy;2006;Kinky Boots;Miramax
Comedy;2006;Keeping Mum;ThinkFilm
Comedy;2006;Trust the Man;Fox Searchlight
Comedy;2006;Tristram Shandy: A Cock and Bull Story;Picturehouse
Comedy;2006;Looking for Comedy in the Muslim World;Warner Independent
Comedy;2006;CSA: The Confederate States of America;IFC Films
Comedy;2006;Another Gay Movie;TLA Releasing
Comedy;2006;Bhagam Bhag;Rainbow Releasing
Comedy;2006;Artie Lange's Beer League;Freestyle Releasing
Comedy;2006;Church Ball;Halestone
Comedy;2006;Idiocracy;20th Century Fox
Comedy;2006;When Do We Eat?;ThinkFilm
Comedy;2006;Preaching to the Choir;Box Office History for Innovation Film Group
Comedy;2006;Conversations with Other Women;Fabrication Films
Comedy;2006;Chup Chup Ke;UTV Communications
Comedy;2006;The Syrian Bride;Koch Lorber Films
Comedy;2006;Kabul Express;Yash Raj Films
Comedy;2006;La Moustache;Cinema Guild
Comedy;2006;Wassup Rockers;First Look
Comedy;2006;Malamaal Weekly;Rainbow Releasing
Comedy;2006;The Puffy Chair;IDP/Goldwyn/Roadside
Comedy;2006;Lonesome Jim;IFC Films
Comedy;2006;The Mostly Unfabulous Social Life of Ethan Green;Regent Releasing
Comedy;2006;Pyare Mohan;Eros Entertainment
Comedy;2006;Temporada de patos;Warner Independent
Comedy;2006;Queens;Regent Releasing
Comedy;2006;Bluff Master;UTV Communications
Comedy;2006;Game 6;Kindred Media Group
Comedy;2006;The Groomsmen;Bauer Martinez
Comedy;2006;I Am a Sex Addict;IFC First Take
Comedy;2006;Mutual Appreciation;Box Office History for Goodbye Cruel Releasing
Comedy;2006;Wondrous Oblivion;Palm Pictures
Comedy;2006;Suits on the Loose;Halestone
Comedy;2006;Go For Zucker;First Run Features
Comedy;2006;Lü cao di;First Run Features
Comedy;2006;Anthony Kaun Hai;AdLab Films
Comedy;2006;Kalamazoo?;Reel Source
Comedy;2006;Alien Adventure;nWave Pictures
Comedy;2006;Männer wie wir;Regent Releasing
Comedy;2006;The Blossoming of Maximo Oliveros;Unico Entertainment
Comedy;2006;Garcon Stupide;Box Office History for Picture This Entertainment
Comedy;2006;Mozart and the Whale;
Comedy;2006;Kiss Kiss, Bang Bang;Warner Bros.
Comedy;2006;Eating Out 2: Sloppy Seconds;Box Office History for Artiztical Entertainment
Comedy;2006;Screen Door Jesus;Indican Pictures
Comedy;2006;Film Geek;First Run Features
Comedy;2006;Wasabi Tuna;Indican Pictures
Comedy;2006;Dorian Blues;TLA Releasing
Comedy;2006;Blackballed: The Bobby Dukes Story;The 7th Floor
Comedy;2006;Crazy Like a Fox;Sky Island
Comedy;2006;Familia rodante;Palm Pictures
Comedy;2006;A Wake in Providence;Indican Pictures
Comedy;2006;Ellie Parker;Strand Releasing
Comedy;2006;20 centiímetros;TLA Releasing
Comedy;2006;Say Uncle;TLA Releasing
Comedy;2006;The Tollbooth;Box Office History for Castle Hill Productions
Comedy;2006;Slow Jam King;Unico Entertainment
Comedy;2006;Simon;Strand Releasing
Comedy;2006;Roll Bounce;Fox Searchlight
Comedy;2006;Dog Lover's Symphony;Self Distributed
Comedy;2006;Alien Autopsy;Warner Independent
Comedy;2006;The Surfer King;Box Office History for Movin' Picture Studios
Comedy;2006;The Long Weekend;Gold Circle Films
Comedy;2006;Cote d'Azur;Strand Releasing
Comedy;2006;Doing Time for Patsy Cline;Oilrag Productions
Comedy;2006;Inconscientes;Regent Releasing
Comedy;2006;Issues;Bullz Eye
Comedy;2006;Uncut;Strand Releasing
Comedy;2007;Wild Hogs;Walt Disney
Comedy;2007;Superbad;Sony Pictures
Comedy;2007;I Now Pronounce You Chuck and Larry;Universal
Comedy;2007;Blades of Glory;Paramount Pictures
Comedy;2007;Evan Almighty;Universal
Comedy;2007;Norbit;Paramount Pictures
Comedy;2007;The Game Plan;Walt Disney
Comedy;2007;Fred Claus;Warner Bros.
Comedy;2007;Why Did I Get Married?;Lionsgate
Comedy;2007;Are We Done Yet?;Sony Pictures
Comedy;2007;Charlie Wilson’s War;Universal
Comedy;2007;Epic Movie;20th Century Fox
Comedy;2007;Smokin' Aces;Universal
Comedy;2007;Balls of Fury;Focus Features
Comedy;2007;Juno;Fox Searchlight
Comedy;2007;Mr. Magorium's Wonder Emporium;20th Century Fox
Comedy;2007;The Nanny Diaries;MGM
Comedy;2007;Mr. Woodcock;New Line
Comedy;2007;Hot Fuzz;Focus Features
Comedy;2007;Reno 911!: Miami;20th Century Fox
Comedy;2007;Walk Hard: The Dewey Cox Story;Sony Pictures
Comedy;2007;Hot Rod;Paramount Pictures
Comedy;2007;Firehouse Dog;20th Century Fox
Comedy;2007;The Comebacks;20th Century Fox
Comedy;2007;Daddy Day Camp;Sony Pictures
Comedy;2007;The Darjeeling Limited;Fox Searchlight
Comedy;2007;In the Land of Women;Warner Bros.
Comedy;2007;Bratz;Lionsgate
Comedy;2007;Volver;Box Office History for Sony Pictures Classics
Comedy;2007;Code Name: The Cleaner;New Line
Comedy;2007;Delta Farce;Lionsgate
Comedy;2007;The Hoax;Walt Disney
Comedy;2007;Lars and the Real Girl;MGM
Comedy;2007;Who's Your Caddy?;MGM
Comedy;2007;Kickin It Old Skool;Box Office History for Yari Film Group Releasing
Comedy;2007;Deux jours à Paris;Samuel Goldwyn Films
Comedy;2007;Borat;20th Century Fox
Comedy;2007;La doublure;Box Office History for Sony Pictures Classics
Comedy;2007;Avenue Montaigne;ThinkFilm
Comedy;2007;Unaccompanied Minors;Warner Bros.
Comedy;2007;Mon meilleur ami;IFC Films
Comedy;2007;Heyy Babyy;Eros Entertainment
Comedy;2007;L'âge des ténèbres;
Comedy;2007;Bhool Bhulaiyaa;Eros Entertainment
Comedy;2007;Ma Tante Aline;Alliance Atlantis
Comedy;2007;The Brothers Solomon;Sony Pictures
Comedy;2007;The Bucket List;Warner Bros.
Comedy;2007;Ta Ra Rum Pum;Yash Raj Films
Comedy;2007;The History Boys;Fox Searchlight
Comedy;2007;The Ten;ThinkFilm
Comedy;2007;Rocket Science;Picturehouse
Comedy;2007;Jhoom Barabar Jhoom;Yash Raj Films
Comedy;2007;Molière;Box Office History for Sony Pictures Classics
Comedy;2007;Romance and Cigarettes;Borotoro
Comedy;2007;Wristcutters: A Love Story;Autonomous Films
Comedy;2007;Little Miss Sunshine;Fox Searchlight
Comedy;2007;Mafioso;Rialto Pictures
Comedy;2007;Deck the Halls;20th Century Fox
Comedy;2007;Ten Canoes;Palm Pictures
Comedy;2007;Bhagam Bhag;Rainbow Releasing
Comedy;2007;The Rules of the Game;
Comedy;2007;The TV Set;ThinkFilm
Comedy;2007;Eagle vs Shark;Miramax
Comedy;2007;Ira and Abby;Magnolia Pictures
Comedy;2007;I Want Someone To Eat Cheese With;IFC Films
Comedy;2007;Offside;Box Office History for Sony Pictures Classics
Comedy;2007;Hollywood Dreams;Rainbow Releasing
Comedy;2007;Dhamaal;Box Office History for Shemaroo Entertainment
Comedy;2007;Outsourced;Box Office History for Lantern Lane Entertainment
Comedy;2007;The Salon;Freestyle Releasing
Comedy;2007;Severance;Magnolia Pictures
Comedy;2007;For Your Consideration;Warner Independent
Comedy;2007;The Wendell Baker Story;ThinkFilm
Comedy;2007;Tortilla Heaven;Wildcat Releasing
Comedy;2007;Return with Honor: A Missionary Homecoming;Excel Entertainment
Comedy;2007;Dialogue avec mon jardinier;
Comedy;2007;A fost sau n-a fost?;Tartan Films
Comedy;2007;Delirious;Peace Arch Releasing
Comedy;2007;Colour Me Kubrick: A True...ish Story;Magnolia Pictures
Comedy;2007;Inconscientes;Regent Releasing
Comedy;2007;Diggers;Magnolia Pictures
Comedy;2007;Shortbus;ThinkFilm
Comedy;2007;Finishing the Game;IFC First Take
Comedy;2007;Direktøren for det hele;IFC Films
Comedy;2007;Fakers;Indican Pictures
Comedy;2007;Two Weeks;MGM
Comedy;2007;Randy and the Mob;IFC Films
Comedy;2007;Queens;Regent Releasing
Comedy;2007;Moving McAllister;Box Office History for First Independent Pictures
Comedy;2007;Le Secret de ma Mere;Alliance Atlantis
Comedy;2007;Monkey Warfare;Odeon Films
Comedy;2007;Kabul Express;Yash Raj Films
Comedy;2007;Hood of Horror;
Comedy;2007;Cashback;Magnolia Pictures
Comedy;2007;Great World of Sound;Magnolia Pictures
Comedy;2007;Sing Now or Forever Hold Your Peace;Strand Releasing
Comedy;2007;Dirty Laundry;The Bigger Picture
Comedy;2007;L'Iceberg;First Run Features
Comedy;2007;Everything's Gone Green;Box Office History for First Independent Pictures
Comedy;2007;Itty Bitty Titty Committee;Pocket Releasing
Comedy;2007;Hei Wong Ji Wong;
Comedy;2007;City Lights;United Artists
Comedy;2007;7 días;Xenon Pictures
Comedy;2007;The Amateurs;Bauer Martinez
Comedy;2007;Keeping Mum;ThinkFilm
Comedy;2007;Full of It;New Line
Comedy;2007;Cut Sleeve Boys;Regent Releasing
Comedy;2007;Buddha Mar Gaya;Eros Entertainment
Comedy;2007;Live Free or Die;ThinkFilm
Comedy;2007;Mutual Appreciation;Box Office History for Goodbye Cruel Releasing
Comedy;2007;Eating Out 2: Sloppy Seconds;Box Office History for Artiztical Entertainment
Comedy;2007;I'll Believe You;Stand Up Films
Comedy;2007;Whole New Thing;Box Office History for Picture This Entertainment
Comedy;2007;Freshman Orientation;Regent Releasing
Comedy;2007;Van Wilder Deux: The Rise of Taj;MGM
Comedy;2007;The Sasquatch Gang;Screen Media Films
Comedy;2007;Smiley Face;First Look
Comedy;2007;Fat Girls;Regent Releasing
Comedy;2007;Closing Escrow;Magnolia Pictures
Comedy;2007;Nina's Heavenly Delights;Regent Releasing
Comedy;2007;Weirdsville;Magnolia Pictures
Comedy;2007;And Then Came Love;Fox Meadow
Comedy;2007;The Iron Man;Iron Man Distr
Comedy;2007;Blonde Ambition;First Look
Comedy;2007;Slipstream;Strand Releasing
Comedy;2007;Hatsujô kateikyôshi: sensei no aijiru;Palm Pictures
Comedy;2007;The Inner Life of Martin Frost;New Yorker
Comedy;2007;Raising Flagg;Cinema Libre
Comedy;2007;The Cop, the Criminal and the Clown;Box Office History for Lonely Seal Releasing
Comedy;2007;I'm Reed Fish;Screen Media Films
Comedy;2007;Funny Money;ThinkFilm
Comedy;2007;Niwemang;Strand Releasing
Comedy;2007;Believe;Box Office History for Kaleidoscope Pictures
Comedy;2007;Adam's Apples;Outsider
Comedy;2007;Strákarnir okkar;Regent Releasing
Comedy;2007;Flakes;IFC Films
Comedy;2007;Lü cao di;First Run Features
Comedy;2008;Sex and the City;Warner Bros.
Comedy;2008;Get Smart;Warner Bros.
Comedy;2008;Four Christmases;Warner Bros.
Comedy;2008;Juno;Fox Searchlight
Comedy;2008;Tropic Thunder;Paramount Pictures
Comedy;2008;Marley & Me;20th Century Fox
Comedy;2008;Step Brothers;Sony Pictures
Comedy;2008;You Don’t Mess With the Zohan;Sony Pictures
Comedy;2008;The Bucket List;Warner Bros.
Comedy;2008;Pineapple Express;Sony Pictures
Comedy;2008;Role Models;Universal
Comedy;2008;Baby Mama;Universal
Comedy;2008;The House Bunny;Sony Pictures
Comedy;2008;The Sisterhood of the Traveling Pants 2;Warner Bros.
Comedy;2008;Welcome Home Roscoe Jenkins;Universal
Comedy;2008;Meet the Browns;Lionsgate
Comedy;2008;Meet the Spartans;20th Century Fox
Comedy;2008;Harold & Kumar Escape from Guantanamo Bay;Warner Bros.
Comedy;2008;First Sunday;Sony Pictures
Comedy;2008;The Family That Preys;Lionsgate
Comedy;2008;Semi-Pro;New Line
Comedy;2008;Drillbit Taylor;Paramount Pictures
Comedy;2008;The Love Guru;Paramount Pictures
Comedy;2008;Leatherheads;Universal
Comedy;2008;Zack and Miri Make a Porno;Weinstein Co.
Comedy;2008;The Women;Picturehouse
Comedy;2008;Superhero Movie;MGM
Comedy;2008;Charlie Wilson’s War;Universal
Comedy;2008;Vicky Cristina Barcelona;MGM
Comedy;2008;Mad Money;Overture Films
Comedy;2008;Swing Vote;Walt Disney
Comedy;2008;Disaster Movie;Lionsgate
Comedy;2008;Soul Men;MGM
Comedy;2008;Meet Dave;20th Century Fox
Comedy;2008;The Longshots;MGM
Comedy;2008;Be Kind Rewind;New Line
Comedy;2008;The Visitor;Overture Films
Comedy;2008;Sex Drive;Summit Entertainment
Comedy;2008;Nothing Like the Holidays;Overture Films
Comedy;2008;An American Carol;Box Office History for Vivendi Entertainment
Comedy;2008;Strange Wilderness;Paramount Vantage
Comedy;2008;The Rocker;20th Century Fox
Comedy;2008;Run, Fatboy, Run;Picturehouse
Comedy;2008;Hamlet 2;Focus Features
Comedy;2008;College;MGM
Comedy;2008;Witless Protection;Lionsgate
Comedy;2008;Charlie Bartlett;MGM
Comedy;2008;Cruising Bar 2;
Comedy;2008;Happy-Go-Lucky;Miramax
Comedy;2008;Bikur Ha-Tizmoret;Box Office History for Sony Pictures Classics
Comedy;2008;Choke;Fox Searchlight
Comedy;2008;How to Lose Friends & Alienate People;MGM
Comedy;2008;Hors de Prix;Samuel Goldwyn Films
Comedy;2008;The Wackness;Box Office History for Sony Pictures Classics
Comedy;2008;Dans une galaxie pres de chez vous 2;
Comedy;2008;Henry Poole Is Here;Overture Films
Comedy;2008;Son of Rambow: A Home Movie;Paramount Vantage
Comedy;2008;Bienvenue chez les Ch'tis;
Comedy;2008;The Game Plan;Walt Disney
Comedy;2008;What Just Happened;Magnolia Pictures
Comedy;2008;Walk Hard: The Dewey Cox Story;Sony Pictures
Comedy;2008;Mr. Magorium's Wonder Emporium;20th Century Fox
Comedy;2008;Beer for My Horses;Roadside Attractions
Comedy;2008;Fred Claus;Warner Bros.
Comedy;2008;Jaane Tu Ya Jaane Na;UTV Communications
Comedy;2008;Krazzy 4;Eros Entertainment
Comedy;2008;JCVD;Peace Arch Releasing
Comedy;2008;The Hammer;Hammer the Movie
Comedy;2008;The Promotion;Weinstein Co.
Comedy;2008;Everybody Wants to Be Italian;Roadside Attractions
Comedy;2008;Teeth;Roadside Attractions
Comedy;2008;Golmaal Returns;Studio 18
Comedy;2008;L'âge des ténèbres;
Comedy;2008;One Two Three;Eros Entertainment
Comedy;2008;Chaos Theory;Warner Bros.
Comedy;2008;The Foot Fist Way;Paramount Vantage
Comedy;2008;Sixty Six;Box Office History for First Independent Pictures
Comedy;2008;The Darjeeling Limited;Fox Searchlight
Comedy;2008;Lars and the Real Girl;MGM
Comedy;2008;Mister Lonely;IFC Films
Comedy;2008;God Tussi Great Ho;Eros Entertainment
Comedy;2008;The Grand;Box Office History for Anchor Bay Entertainment
Comedy;2008;Mere Baap Pehle Aap;Box Office History for Shemaroo Entertainment
Comedy;2008;Another Gay Sequel;TLA Releasing
Comedy;2008;Momma's Man;ThinkFilm
Comedy;2008;Kabluey;Regent Releasing
Comedy;2008;Humboldt County;Magnolia Pictures
Comedy;2008;Oye Lucky! Lucky Oye!;UTV Communications
Comedy;2008;99 francs;
Comedy;2008;A Four Letter Word;Embrem Entertainment
Comedy;2008;Kenny;Box Office History for Arcangelo Entertainment
Comedy;2008;Meet Bill;First Look
Comedy;2008;Finding Amanda;Magnolia Pictures
Comedy;2008;Blue Gap Boy'z;Box Office History for Holt Hamilton Distribution
Comedy;2008;L'auberge rouge;
Comedy;2008;Paris;
Comedy;2008;Loins of Punjab Presents;Emerging Pictures
Comedy;2008;Kráska v nesnázich;Box Office History for Menemsha Entertainment
Comedy;2008;Blonde and Blonder;Empire Pictures
Comedy;2008;Romance and Cigarettes;Borotoro
Comedy;2008;Surfer, Dude;Box Office History for Anchor Bay Entertainment
Comedy;2008;Familiar Strangers;Cavalier Films
Comedy;2008;The Dukes;CAVU Releasing
Comedy;2008;Sex and Death 101;Box Office History for Anchor Bay Entertainment
Comedy;2008;Filth and Wisdom;IFC Films
Comedy;2008;Haebyonui Yoin;New Yorker
Comedy;2008;Expired;MCR Releasing
Comedy;2008;Diminished Capacity;IFC Films
Comedy;2008;All Hat;
Comedy;2008;Poultrygeist: Night of the Chicken Dead;Troma Entertainment
Comedy;2008;Full Grown Men;Emerging Pictures
Comedy;2008;Harold;City Lights Pictures
Comedy;2008;My Mexican Shivah;Emerging Pictures
Comedy;2008;Last Stop for Paul;Mandt Brothers
Comedy;2008;Så som i himmelen;Vitagraph Films
Comedy;2008;Skid Marks;Diversa Films
Comedy;2008;Young People Fucking;ThinkFilm
Comedy;2008;Little Big Top;Self Distributed
Comedy;2008;Ugly aur Pagli;Box Office History for Shemaroo Entertainment
Comedy;2008;Viva;Vagrant Films
Comedy;2008;Sure Shot Dombrowski;
Comedy;2008;Lower Learning;Box Office History for Anchor Bay Entertainment
Comedy;2008;Fat Girls;Regent Releasing
Comedy;2008;Nina's Heavenly Delights;Regent Releasing
Comedy;2008;Miss Conception;First Look
Comedy;2008;How to Rob a Bank;IFC Films
Comedy;2008;Outsourced;Box Office History for Lantern Lane Entertainment
Comedy;2009;The Hangover;Warner Bros.
Comedy;2009;Paul Blart: Mall Cop;Sony Pictures
Comedy;2009;Julie & Julia;Sony Pictures
Comedy;2009;Madea Goes To Jail;Lionsgate
Comedy;2009;Zombieland;Sony Pictures
Comedy;2009;Hotel for Dogs;Paramount Pictures
Comedy;2009;I Love You, Man;Paramount Pictures
Comedy;2009;17 Again;Warner Bros.
Comedy;2009;Brüno;Universal
Comedy;2009;Bride Wars;20th Century Fox
Comedy;2009;Funny People;Universal
Comedy;2009;I Can Do Bad All By Myself;Lionsgate
Comedy;2009;Land of the Lost;Universal
Comedy;2009;Old Dogs;Walt Disney
Comedy;2009;Year One;Sony Pictures
Comedy;2009;Duplicity;Universal
Comedy;2009;Marley & Me;20th Century Fox
Comedy;2009;The Informant!;Warner Bros.
Comedy;2009;Dance Flick;Paramount Pictures
Comedy;2009;Aliens in the Attic;20th Century Fox
Comedy;2009;Fantastic Mr. Fox;20th Century Fox
Comedy;2009;The Invention of Lying;Warner Bros.
Comedy;2009;Fired Up;Sony Pictures
Comedy;2009;Imagine That;Paramount Pictures
Comedy;2009;The Goods: Live Hard, Sell Hard;Paramount Vantage
Comedy;2009;Whip It;Fox Searchlight
Comedy;2009;Sunshine Cleaning;Overture Films
Comedy;2009;De père en flic;
Comedy;2009;Next Day Air;Summit Entertainment
Comedy;2009;Away We Go;Focus Features
Comedy;2009;A Serious Man;Focus Features
Comedy;2009;The Boat That Rocked;Focus Features
Comedy;2009;Taking Woodstock;Focus Features
Comedy;2009;Bandslam;Summit Entertainment
Comedy;2009;3 Idiots;Big Pictures
Comedy;2009;Miss March;20th Century Fox
Comedy;2009;My One and Only;Freestyle Releasing
Comedy;2009;Four Christmases;Warner Bros.
Comedy;2009;Rudo y Cursi;Box Office History for Sony Pictures Classics
Comedy;2009;Les doigts croches;
Comedy;2009;I Hope They Serve Beer in Hell;Freestyle Releasing
Comedy;2009;Paper Heart;Overture Films
Comedy;2009;Paris;
Comedy;2009;De Dana Dan;
Comedy;2009;Billu;
Comedy;2009;Wake Up Sid;UTV Communications
Comedy;2009;Fanboys;Weinstein Co.
Comedy;2009;Play the Game;Slowhand Cinema
Comedy;2009;La fille de Monaco;Magnolia Pictures
Comedy;2009;Role Models;Universal
Comedy;2009;Humpday;Magnolia Pictures
Comedy;2009;Vicky Cristina Barcelona;MGM
Comedy;2009;Luck by Chance;AdLab Films
Comedy;2009;O'Horten;Box Office History for Sony Pictures Classics
Comedy;2009;Spread;
Comedy;2009;Big Fan;Box Office History for First Independent Pictures
Comedy;2009;Do Knot Disturb;Big Pictures
Comedy;2009;Happy-Go-Lucky;Miramax
Comedy;2009;Paa;Big Pictures
Comedy;2009;Rocket Singh: Salesman of the Year;Yash Raj Films
Comedy;2009;Tulpan;Zeitgeist
Comedy;2009;Zack and Miri Make a Porno;Weinstein Co.
Comedy;2009;Amarcord;
Comedy;2009;All the Best: Fun Begins;Yash Raj Films
Comedy;2009;Gentlemen Broncos;Fox Searchlight
Comedy;2009;Monster Beach Party;Indican Pictures
Comedy;2009;Alien Trespass;Roadside Attractions
Comedy;2009;Gigantic;Box Office History for First Independent Pictures
Comedy;2009;Nothing Like the Holidays;Overture Films
Comedy;2009;Motherhood;Freestyle Releasing
Comedy;2009;Skills Like This;Shadow
Comedy;2009;Soul Men;MGM
Comedy;2009;Somers Town;Film Movement
Comedy;2009;Bart Got a Room;Box Office History for Anchor Bay Entertainment
Comedy;2009;Mystery Team;Roadside Attractions
Comedy;2009;Beeswax;Cinema Guild
Comedy;2009;Dai-Nipponjin;Magnolia Pictures
Comedy;2009;Absurdistan;First Run Features
Comedy;2009;The Slammin' Salmon;Box Office History for Anchor Bay Entertainment
Comedy;2009;The Last International Playboy;
Comedy;2009;JCVD;Peace Arch Releasing
Comedy;2009;Adventures of Power;Variance Films
Comedy;2009;Splinterheads;Paladin
Comedy;2009;Les vacances de M. Hulot;Janus Films
Comedy;2009;L'Argent de poche;New World
Comedy;2009;St. Trinian’s;NeoClassics Films
Comedy;2009;Taxidermia;Regent Releasing
Comedy;2009;Janky Promoters;Third Rail
Comedy;2009;Looking for Palladin;
Comedy;2009;Momma's Man;ThinkFilm
Comedy;2009;Dhoondte Reh Jaoge;UTV Communications
Comedy;2009;The Marc Pease Experience;Paramount Vantage
Comedy;2009;Familiar Strangers;Cavalier Films
Comedy;2009;Sixty Six;Box Office History for First Independent Pictures
Comedy;2009;Teeth;Roadside Attractions
Comedy;2009;Patrik, Age 1.5;
Comedy;2010;Grown Ups;Sony Pictures
Comedy;2010;The Other Guys;Sony Pictures
Comedy;2010;Jackass 3D;Paramount Pictures
Comedy;2010;Little Fockers;Universal
Comedy;2010;Due Date;Warner Bros.
Comedy;2010;Date Night;20th Century Fox
Comedy;2010;Sex and the City 2;Warner Bros.
Comedy;2010;Dinner for Schmucks;Paramount Pictures
Comedy;2010;Diary of a Wimpy Kid;20th Century Fox
Comedy;2010;Get Him to the Greek;Universal
Comedy;2010;Easy A;Sony Pictures
Comedy;2010;Hot Tub Time Machine;MGM
Comedy;2010;Cop Out;Warner Bros.
Comedy;2010;Vampires Suck;20th Century Fox
Comedy;2010;Marmaduke;20th Century Fox
Comedy;2010;Scott Pilgrim vs. The World;Universal
Comedy;2010;Morning Glory;Paramount Pictures
Comedy;2010;Ramona and Beezus;20th Century Fox
Comedy;2010;You Again;Walt Disney
Comedy;2010;Lottery Ticket;Warner Bros.
Comedy;2010;The Spy Next Door;Lionsgate
Comedy;2010;The Kids Are All Right;Focus Features
Comedy;2010;Our Family Wedding;Fox Searchlight
Comedy;2010;Furry Vengeance;Summit Entertainment
Comedy;2010;Youth in Revolt;Weinstein/Dimension
Comedy;2010;MacGruber;Universal
Comedy;2010;Cyrus;Fox Searchlight
Comedy;2010;City Island;Box Office History for Anchor Bay Entertainment
Comedy;2010;It's Kind of a Funny Story;Focus Features
Comedy;2010;Old Dogs;Walt Disney
Comedy;2010;Fantastic Mr. Fox;20th Century Fox
Comedy;2010;3 Idiots;Big Pictures
Comedy;2010;Micmacs;Box Office History for Sony Pictures Classics
Comedy;2010;Golmaal 3;Eros Entertainment
Comedy;2010;I Love You, Phillip Morris;Roadside Attractions
Comedy;2010;Tees Maar Khan;UTV Communications
Comedy;2010;Middle Men;Paramount Vantage
Comedy;2010;Pranzo di ferragosto;Zeitgeist
Comedy;2010;The Virginity Hit;Sony Pictures
Comedy;2010;Jack Goes Boating;Overture Films
Comedy;2010;Khatta Meetha;Eros Entertainment
Comedy;2010;Tamara Drewe;Box Office History for Sony Pictures Classics
Comedy;2010;L'arnacouer;IFC Films
Comedy;2010;The Extra Man;Magnolia Pictures
Comedy;2010;The Trotsky;
Comedy;2010;Today's Special;Box Office History for Reliance Big Pictures
Comedy;2010;Tiny Furniture;IFC Films
Comedy;2010;No Problem;Eros Entertainment
Comedy;2010;L'ennemi public n°1;Music Box Films
Comedy;2010;Le baiser du barbu;
Comedy;2010;Atithi Tum Kab Jaoge?;Viva Entertainment
Comedy;2010;Rare Exports: A Christmas Tale;Box Office History for Oscilloscope Pictures
Comedy;2010;Le Petit Nicolas;
Comedy;2010;Parlez-moi de la pluie;IFC Films
Comedy;2010;Wild Target;Freestyle Releasing
Comedy;2010;The Romantics;Box Office History for Four of a Kind Productions
Comedy;2010;Saint John of Las Vegas;IndieVest Pictures
Comedy;2010;Crazy on the Outside;Freestyle Releasing
Comedy;2010;Rosencrantz and Guildenstein are Undead;Indican Pictures
Comedy;2010;Dulha Mil Gaya;Viva Entertainment
Comedy;2010;Patrik, Age 1.5;
Comedy;2010;Le code a changé;IFC Films
Comedy;2010;Les vacances de M. Hulot;Janus Films
Comedy;2010;A Serious Man;Focus Features
Comedy;2010;Mystery Team;Roadside Attractions
Comedy;2010;36 vues du Pic Saint Loup;Cinema Guild
Comedy;2010;Lbs.;Truly Indie
Comedy;2010;Expecting Mary;Box Office History for Rocky Mountain Pictures
Comedy;2010;BoyBand;Artigo Ajemian Films
Comedy;2010;Tamo i ovde;
Comedy;2010;The Boat That Rocked;Focus Features
Comedy;2010;Trash Humpers;
Comedy;2010;Douchebag;Paladin
Comedy;2010;L'Argent de poche;New World
Comedy;2010;Paper Man;MPI Media Group
Comedy;2010;Hey, Hey, It's Esther Blueburger;Monterey Media
Comedy;2010;Violet Tendencies;Embrem Entertainment
Comedy;2010;White Wedding;Box Office History for The Little Film Company/Dada Films
Comedy;2010;Misconceptions;Regent Releasing
Comedy;2010;Beeswax;Cinema Guild
Comedy;2010;The Winning Season;Roadside Attractions
Comedy;2010;Big Fan;Box Office History for First Independent Pictures
Comedy;2010;Amarcord;
Comedy;2010;My Year Without Sex;Strand Releasing
Comedy;2010;The Slammin' Salmon;Box Office History for Anchor Bay Entertainment
Comedy;2010;El Súperstar: The Unlikely Rise of Juan Francés;Cinema Libre
Comedy;2010;Drool;Strand Releasing
Comedy;2010;To Die is Hard;Box Office History for Driving With Our Eyes Shut
Comedy;2011;The Hangover Part II;Warner Bros.
Comedy;2011;Bridesmaids;Universal
Comedy;2011;Horrible Bosses;Warner Bros.
Comedy;2011;Bad Teacher;Sony Pictures
Comedy;2011;Tower Heist;Universal
Comedy;2011;Jack and Jill;Sony Pictures
Comedy;2011;Mr. Poppers's Penguins;20th Century Fox
Comedy;2011;Madea’s Big Happy Family;Lionsgate
Comedy;2011;The Dilemma;Universal
Comedy;2011;Little Fockers;Universal
Comedy;2011;Hall Pass;Warner Bros.
Comedy;2011;Big Mommas: Like Father, Like Son;20th Century Fox
Comedy;2011;Paul;Universal
Comedy;2011;The Change-Up;Universal
Comedy;2011;A Very Harold & Kumar 3D Christmas;Warner Bros.
Comedy;2011;Our Idiot Brother;Weinstein Co.
Comedy;2011;Your Highness;Universal
Comedy;2011;Young Adult;Paramount Pictures
Comedy;2011;Prom;Walt Disney
Comedy;2011;I Don't Know How She Does It;Weinstein Co.
Comedy;2011;Johnny English Reborn;Universal
Comedy;2011;The Big Year;20th Century Fox
Comedy;2011;Take Me Home Tonight;Relativity
Comedy;2011;Cedar Rapids;Fox Searchlight
Comedy;2011;The Guard;Box Office History for Sony Pictures Classics
Comedy;2011;Starbuck;Entertainment One
Comedy;2011;Le sens de l’humour;Alliance Atlantis
Comedy;2011;Zindagi Na Milegi Dobara;Eros Entertainment
Comedy;2011;Bucky Larson: Born to Be a Star;Sony Pictures
Comedy;2011;The Trip;IFC Films
Comedy;2011;Potiche;Music Box Films
Comedy;2011;Delhi Belly;UTV Communications
Comedy;2011;Breakaway;Alliance Atlantis
Comedy;2011;Due Date;Warner Bros.
Comedy;2011;Desi Boyz;Eros Entertainment
Comedy;2011;Yamla Pagla Deewana;Eros Entertainment
Comedy;2011;The Beaver;Summit Entertainment
Comedy;2011;Redi;Eros Entertainment
Comedy;2011;I Love You, Phillip Morris;Roadside Attractions
Comedy;2011;Les femmes du 6ème étage;Films Seville
Comedy;2011;Terri;ATO Pictures
Comedy;2011;Double Dhamaal;Box Office History for Reliance Big Pictures
Comedy;2011;Le nom des gens;Music Box Films
Comedy;2011;Submarine;Weinstein Co.
Comedy;2011;Morning Glory;Paramount Pictures
Comedy;2011;Tanu Weds Manu;Viva Entertainment
Comedy;2011;Rien à déclarer;Entertainment One
Comedy;2011;The Last Godfather;Roadside Attractions
Comedy;2011;Pastorela;Lionsgate
Comedy;2011;A Good Old Fashioned Orgy;Samuel Goldwyn Films
Comedy;2011;3D Sex and Zen: Extreme Ecstasy;Box Office History for China Lion Film Distribution
Comedy;2011;Dil Toh Baccha Hai Ji;Viva Entertainment
Comedy;2011;Labios Rojos;Lionsgate
Comedy;2011;Wo Zhi Nv Ren Xin;Box Office History for China Lion Film Distribution
Comedy;2011;Jackass 3D;Paramount Pictures
Comedy;2011;Kaboom;IFC Films
Comedy;2011;Tiny Furniture;IFC Films
Comedy;2011;Henry's Crime;Box Office History for Motion Pictures Film and Television
Comedy;2011;A Little Help;Freestyle Releasing
Comedy;2011;Evil Bong 3 The Wrath Of Bong!;Full Moon Features
Comedy;2011;Co Dau Dai Chien;Variance Films
Comedy;2011;Dao Jian Xiao;Box Office History for China Lion Film Distribution
Comedy;2011;Tees Maar Khan;UTV Communications
Comedy;2011;CornerStore;Shotown Pictures
Comedy;2011;Tamara Drewe;Box Office History for Sony Pictures Classics
Comedy;2011;Meet Monica Velour;Box Office History for Anchor Bay Entertainment
Comedy;2011;Octubre;New Yorker
Comedy;2011;Cat Run;Paladin
Comedy;2011;Salvation Boulevard;IFC Films
Comedy;2011;Caesar & Otto's Summer Camp Massacre;Nocturnal Features
Comedy;2011;The Other Woman;IFC Films
Comedy;2011;Immigration Tango;Roadside Attractions
Comedy;2011;Bheja Fry 2;
Comedy;2011;Rare Exports: A Christmas Tale;Box Office History for Oscilloscope Pictures
Comedy;2011;4 aventures de Reinette et Mirabelle;The Film Desk
Comedy;2011;The Chaperone;Samuel Goldwyn Films
Comedy;2011;Peep World;IFC Films
Comedy;2011;Sympathy for Delicious;Maya Releasing
Comedy;2011;L'ennemi public n°1;Music Box Films
Comedy;2011;Elektra Luxx;Samuel Goldwyn Films
Comedy;2011;Matrimonio all'italiana;Kino Classics
Comedy;2011;Certifiably Jonathan;
Comedy;2011;Janie Jones;TriBeca Films
Comedy;2011;Chillar Party;UTV Communications
Comedy;2011;The Worst Movie EVER!;Hiltz Squared
Comedy;2011;Flypaper;IFC Films
Comedy;2011;The Catechism Cataclysm;IFC Midnight
Comedy;2011;Fancypants;Humble Pie Films
Comedy;2011;Balls to the Wall;Midwest Movies
Comedy;2011;About Fifty;Screen Media Films
Comedy;2011;To Die is Hard;Box Office History for Driving With Our Eyes Shut
Comedy;2011;Love, Wedding, Marriage;IFC Films
Comedy;2011;36 vues du Pic Saint Loup;Cinema Guild
Comedy;2011;They’re Out of Business;IFC Films
Comedy;2011;L'Argent de poche;New World
Comedy;2011;Violet Tendencies;Embrem Entertainment
Comedy;2011;Rosencrantz and Guildenstein are Undead;Indican Pictures
Comedy;2012;Ted;Universal
Comedy;2012;21 Jump Street;Sony Pictures
Comedy;2012;Magic Mike;Warner Bros.
Comedy;2012;The Campaign;Warner Bros.
Comedy;2012;Tyler Perry's Madea's Witness Protection;Lionsgate
Comedy;2012;Pitch Perfect;Universal
Comedy;2012;The Dictator;Paramount Pictures
Comedy;2012;American Reunion;Universal
Comedy;2012;Project X;Warner Bros.
Comedy;2012;This is 40;Universal
Comedy;2012;Parental Guidance;20th Century Fox
Comedy;2012;Diary of a Wimpy Kid: Dog Days;20th Century Fox
Comedy;2012;The Best Exotic Marigold Hotel;Fox Searchlight
Comedy;2012;The Three Stooges;20th Century Fox
Comedy;2012;Here Comes the Boom;Sony Pictures
Comedy;2012;That’s My Boy;Sony Pictures
Comedy;2012;The Watch;20th Century Fox
Comedy;2012;The Guilt Trip;Paramount Pictures
Comedy;2012;One for the Money;Lionsgate
Comedy;2012;A Thousand Words;Paramount Pictures
Comedy;2012;Wanderlust;Universal
Comedy;2012;Seven Psychopaths;CBS Films
Comedy;2012;Hit & Run;Open Road
Comedy;2012;Les Intouchables;Weinstein Co.
Comedy;2012;Fun Size;Paramount Pictures
Comedy;2012;Seeking a Friend for the End of the World;Focus Features
Comedy;2012;Casa de mi Padre;Lionsgate
Comedy;2012;Jeff, Who Lives at Home;Paramount Vantage
Comedy;2012;Goon;Alliance Atlantis
Comedy;2012;Safety Not Guaranteed;FilmDistrict
Comedy;2012;Young Adult;Paramount Pictures
Comedy;2012;Dabangg 2;Eros Entertainment
Comedy;2012;Jack and Jill;Sony Pictures
Comedy;2012;Housefull 2;Eros Entertainment
Comedy;2012;For a Good Time, Call;Focus Features
Comedy;2012;Tower Heist;Universal
Comedy;2012;Darling Companion;Box Office History for Sony Pictures Classics
Comedy;2012;Rowdy Rathore;UTV Communications
Comedy;2012;Blue Like Jazz;Roadside Attractions
Comedy;2012;Peace, Love, and Misunderstanding;IFC Films
Comedy;2012;Habemus Papam;IFC Films
Comedy;2012;Bachelorette;Weinstein Co.
Comedy;2012;Ferrari Ki Sawaari;Eros Entertainment
Comedy;2012;Khiladi 786;Eros Entertainment
Comedy;2012;The Oranges;ATO Pictures
Comedy;2012;Liberal Arts;IFC Films
Comedy;2012;Gianni e le donne;Zeitgeist
Comedy;2012;Lola Versus;Fox Searchlight
Comedy;2012;My Uncle Rafael;Box Office History for Slater Brothers Entertainment
Comedy;2012;Les petits mouchoirs;MPI Media Group
Comedy;2012;Tim and Eric's Billion Dollar Movie;Magnet Pictures
Comedy;2012;Joker;UTV Communications
Comedy;2012;'Luv Shuv Tey Chicken Khurana;UTV Communications
Comedy;2012;High School;Box Office History for Anchor Bay Entertainment
Comedy;2012;A Very Harold & Kumar 3D Christmas;Warner Bros.
Comedy;2012;Få meg på, for faen;New Yorker
Comedy;2012;The Perfect Family;Variance Films
Comedy;2012;The Obama Effect;ARC Entertainment
Comedy;2012;La source des femmes;Mongrel Media
Comedy;2012;Butter;Weinstein Co.
Comedy;2012;Rang zidan fei;Well Go USA
Comedy;2012;Le prénom;
Comedy;2012;More Than Frybread;Box Office History for Holt Hamilton Distribution
Comedy;2012;Natural Selection;Cinema Guild
Comedy;2012;LOL;Lionsgate
Comedy;2012;The Comedy;TriBeca Films
Comedy;2012;Et si on vivait tous ensemble?;Kino Lorber
Comedy;2012;La fee;Kino Lorber
Comedy;2012;The Inbetweeners;Box Office History for Wrekin Hill Entertainment
Comedy;2012;Dai juk hei kek;Box Office History for China Lion Film Distribution
Comedy;2012;L!fe Happens;PMK*BNC
Comedy;2012;Sound of Noise;Magnolia Pictures
Comedy;2012;The Guard;Box Office History for Sony Pictures Classics
Comedy;2012;Lay the Favorite;Radius
Comedy;2012;Mon pire cauchemar;Strand Releasing
Comedy;2012;Kung Fu Joe;Indican Pictures
Comedy;2012;Gayby;Box Office History for The Film Collaborative
Comedy;2012;6 Month Rule;Box Office History for Secret Identity Productions
Comedy;2012;Reuniting the Rubins;Monterey Media
Comedy;2012;Sophomore;Box Office History for Pillen's Farm Pictures
Comedy;2012;The Color Wheel;Box Office History for APD/Cinema Conservancy
Comedy;2012;The Trouble With Bliss;7A Productions
Comedy;2012;Husbands in Goa;UTV Communications
Comedy;2012;The Do-Deca-Pentathlon;Red Flag Releasing
Comedy;2012;Small, Beautifully Moving Parts;Long Shot Factory
Comedy;2012;Brooklyn Brothers Beat the Best;Box Office History for Oscilloscope Pictures
Comedy;2012;Price Check;IFC Films
Comedy;2012;Grassroots;Samuel Goldwyn Films
Comedy;2012;The Man Who Shook the Hand of Vicente Fernandez;Indican Pictures
Comedy;2012;Buzzkill;Indican Pictures
Comedy;2012;The Babymakers;Alchemy
Comedy;2012;A Liar's Autobiography - The Untrue Story of Monty Python's Graham Chapman;Brainstorm Media
Comedy;2012;The Worst Movie EVER!;Hiltz Squared
Comedy;2012;Newlyweds;TriBeca Films
Comedy;2012;The Man in the White Suit;
Comedy;2012;Loosies;IFC Films
Comedy;2012;Why Stop Now;IFC Films
Comedy;2012;4 aventures de Reinette et Mirabelle;The Film Desk
Comedy;2012;The Decoy Bride;IFC Films
Comedy;2012;Nature Calls;Magnet Pictures
Comedy;2013;The Heat;20th Century Fox
Comedy;2013;We’re the Millers;Warner Bros.
Comedy;2013;Identity Thief;Universal
Comedy;2013;Grown Ups 2;Sony Pictures
Comedy;2013;The Hangover 3;Warner Bros.
Comedy;2013;Anchorman 2: The Legend Continues;Paramount Pictures
Comedy;2013;Jackass Presents: Bad Grandpa;Paramount Pictures
Comedy;2013;This is the End;Sony Pictures
Comedy;2013;The Best Man Holiday;Universal
Comedy;2013;Last Vegas;CBS Films
Comedy;2013;Tyler Perry's A Madea Christmas;Lionsgate
Comedy;2013;The Internship;20th Century Fox
Comedy;2013;No se Aceptan Devoluciones;Lionsgate
Comedy;2013;A Haunted House;Open Road
Comedy;2013;Blue Jasmine;Box Office History for Sony Pictures Classics
Comedy;2013;Scary Movie V;Weinstein Co.
Comedy;2013;Delivery Man;Walt Disney
Comedy;2013;The World’s End;Focus Features
Comedy;2013;21 and Over;Relativity
Comedy;2013;Parental Guidance;20th Century Fox
Comedy;2013;Grudge Match;Warner Bros.
Comedy;2013;The Incredible Burt Wonderstone;Warner Bros.
Comedy;2013;The Way Way Back;Fox Searchlight
Comedy;2013;Quartet;Weinstein Co.
Comedy;2013;Enough Said;Fox Searchlight
Comedy;2013;This is 40;Universal
Comedy;2013;Movie 43;Relativity
Comedy;2013;The Guilt Trip;Paramount Pictures
Comedy;2013;Frances Ha;IFC Films
Comedy;2013;The To Do List;CBS Films
Comedy;2013;In a World...;Roadside Attractions
Comedy;2013;Unfinished Song;Weinstein Co.
Comedy;2013;Seethamma Vakitlo Sirimalle Chettu;Ficus
Comedy;2013;Girl Most Likely;Roadside Attractions
Comedy;2013;Los amantes pasajeros;Box Office History for Sony Pictures Classics
Comedy;2013;The Kings of Summer;CBS Films
Comedy;2013;Here Comes the Boom;Sony Pictures
Comedy;2013;Thanks for Sharing;Roadside Attractions
Comedy;2013;Les saveurs du Palais;Mongrel Media
Comedy;2013;Alceste a bicyclette;Mongrel Media
Comedy;2013;Pitch Perfect;Universal
Comedy;2013;Si Ren Ding Zhi;Box Office History for China Lion Film Distribution
Comedy;2013;Starbuck;Entertainment One
Comedy;2013;The Angels’ Share;IFC Films
Comedy;2013;Chashme Baddoor;Viva Entertainment
Comedy;2013;InAPPropriate Comedy;Freestyle Releasing
Comedy;2013;Prince Avalanche;Magnolia Pictures
Comedy;2013;Ghanchakkar;UTV Communications
Comedy;2013;Crystal Fairy;IFC Films
Comedy;2013;Populaire;Mongrel Media
Comedy;2013;Afternoon Delight;Film Arcade
Comedy;2013;A.C.O.D.;Film Arcade
Comedy;2013;Syngue sabour, pierre de patience;Box Office History for Sony Pictures Classics
Comedy;2013;Fukrey;Excel Entertainment
Comedy;2013;Lost and Found in Armenia;High Top Releasing
Comedy;2013;Computer Chess;Kino Lorber
Comedy;2013;Somebody Up There Likes Me;TriBeca Films
Comedy;2013;Settai;UTV Communications
Comedy;2013;Reality;Box Office History for Oscilloscope Pictures
Comedy;2013;Stuck in Love;Alchemy
Comedy;2013;It's a Disaster;Box Office History for Oscilloscope Pictures
Comedy;2013;The English Teacher;Cinedigm
Comedy;2013;C.O.G.;Screen Media Films
Comedy;2013;Wrong;Drafthouse Films
Comedy;2013;A Glimpse Inside the Mind of Charles Swan III;A24
Comedy;2013;Struck By Lightning;TriBeca Films
Comedy;2013;Les Intouchables;Weinstein Co.
Comedy;2013;Nosotros Los Nobles;Lionsgate
Comedy;2013;Language of a Broken Heart;House Lights Media
Comedy;2013;Let My People Go!;Zeitgeist
Comedy;2013;Mental;Dada Films
Comedy;2013;The History of Future Folk;Variance Films
Comedy;2013;Le Pont du Nord;The Film Desk
Comedy;2013;All in Good Time;
Comedy;2013;Dealin' with Idiots;IFC Films
Comedy;2013;Picture Day;ARC Entertainment
Comedy;2013;Midget Zombie Takeover;Box Office History for Driving With Our Eyes Shut
Comedy;2013;If I Were You;Kino Lorber
Comedy;2013;Zero Charisma;TriBeca Films
Comedy;2013;Ghost Team One;Film Arcade
Comedy;2013;Desperate Acts of Magic;
Comedy;2013;Breakfast with Curtis;
Comedy;2013;The Worst Movie EVER!;Hiltz Squared
Comedy;2013;Do Not Disturb;Mongrel Media
Comedy;2013;Mon pire cauchemar;Strand Releasing
Comedy;2013;Supporting Characters;TriBeca Films
Comedy;2013;The Man Who Shook the Hand of Vicente Fernandez;Indican Pictures
Comedy;2013;All is Bright;Box Office History for Anchor Bay Entertainment
Comedy;2013;The Kitchen;Monterey Media
Comedy;2013;The Happy Poet;Cinema Libre
Comedy;2013;Superstar;Mongrel Media
Comedy;2013;Et si on vivait tous ensemble?;Kino Lorber
Comedy;2013;The Ghastly Love of Johnny X;Strand Releasing
Comedy;2013;InSpectres;Reacter 88 Studios
Comedy;2013;L'Argent de poche;New World
Comedy;2013;Best Man Down;Magnolia Pictures
Comedy;2013;Detention of the Dead;Box Office History for Anchor Bay Entertainment
Comedy;2013;Eddie: The Sleepwalking Cannibal;Box Office History for Doppelganger Releasing
Comedy;2013;More Than Frybread;Box Office History for Holt Hamilton Distribution
Comedy;2013;La grande boucle;Mongrel Media
Comedy;2013;Syrup;Magnolia Pictures
Comedy;2013;To Die is Hard;Box Office History for Driving With Our Eyes Shut
Comedy;2014;22 Jump Street;Sony Pictures
Comedy;2014;Neighbors;Universal
Comedy;2014;Ride Along;Universal
Comedy;2014;Dumb and Dumber To;Universal
Comedy;2014;Tammy;Warner Bros.
Comedy;2014;The Other Woman;20th Century Fox
Comedy;2014;Let’s Be Cops;20th Century Fox
Comedy;2014;Alexander and the Terrible, Horrible, No Good, Very Bad Day;Walt Disney
Comedy;2014;The Grand Budapest Hotel;Fox Searchlight
Comedy;2014;The Hundred-Foot Journey;Walt Disney
Comedy;2014;St. Vincent;Weinstein Co.
Comedy;2014;Sex Tape;Sony Pictures
Comedy;2014;This is Where I Leave You;Warner Bros.
Comedy;2014;Chef;Open Road
Comedy;2014;Top Five;Paramount Pictures
Comedy;2014;Ghostbusters;Sony Pictures
Comedy;2014;Anchorman 2: The Legend Continues;Paramount Pictures
Comedy;2014;A Haunted House 2;Open Road
Comedy;2014;Tyler Perry's The Single Moms Club;Lionsgate
Comedy;2014;And So It Goes;Box Office History for Clarius Entertainment
Comedy;2014;Moms’ Night Out;Sony Pictures
Comedy;2014;P.K.;UTV Communications
Comedy;2014;Vampire Academy;Weinstein Co.
Comedy;2014;Grudge Match;Warner Bros.
Comedy;2014;Dear White People;Box Office History for Lionsgate/Roadside Attractions
Comedy;2014;My Old Lady;Cohen Media Group
Comedy;2014;Fading Gigolo;Alchemy
Comedy;2014;Wish I Was Here;Focus Features
Comedy;2014;The Interview;Sony Pictures
Comedy;2014;The Grand Seduction;Entertainment One
Comedy;2014;The Trip to Italy;IFC Films
Comedy;2014;Tyler Perry's A Madea Christmas;Lionsgate
Comedy;2014;Trailer Park Boys 3: Don’t Legalize It;Entertainment One
Comedy;2014;Dr. Cabbie;Eros Entertainment
Comedy;2014;Inherent Vice;Warner Bros.
Comedy;2014;Last Vegas;CBS Films
Comedy;2014;Delivery Man;Walt Disney
Comedy;2014;Xin Hua Lu Fang;Box Office History for China Lion Film Distribution
Comedy;2014;Land Ho!;Box Office History for Sony Pictures Classics
Comedy;2014;Men, Women and Children;Paramount Pictures
Comedy;2014;Blue Jasmine;Box Office History for Sony Pictures Classics
Comedy;2014;Frank;Magnolia Pictures
Comedy;2014;Dom Hemingway;Fox Searchlight
Comedy;2014;Les vacances du petit Nicolas;Mongrel Media
Comedy;2014;A Hard Day's Night;Universal
Comedy;2014;Jackass Presents: Bad Grandpa;Paramount Pictures
Comedy;2014;Women Who Flirt;Box Office History for China Lion Film Distribution
Comedy;2014;Comme un chef;Cohen Media Group
Comedy;2014;Main Tera Hero;Eros Entertainment
Comedy;2014;Life of Crime;Box Office History for Lionsgate/Roadside Attractions
Comedy;2014;Entertainment;B4U Movies
Comedy;2014;Hundraåringen som klev ut genom fönstret och försvann;Mongrel Media
Comedy;2014;The Double;Magnolia Pictures
Comedy;2014;Conte d’été;Big World Pictures
Comedy;2014;9 mois ferme;Mongrel Media
Comedy;2014;Alan Partridge;Magnolia Pictures
Comedy;2014;Knights of Badassdom;Entertainment One
Comedy;2014;The Art of the Steal;RADiUS-TWC
Comedy;2014;Feuchtgebiete;Strand Releasing
Comedy;2014;Walk of Shame;Focus Features
Comedy;2014;Cuban Fury;Entertainment One
Comedy;2014;Enough Said;Fox Searchlight
Comedy;2014;Filmistan;UTV Communications
Comedy;2014;Elsa & Fred;Alchemy
Comedy;2014;Not Cool;Starz Media
Comedy;2014;La ritournelle;Mongrel Media
Comedy;2014;The Best Man Holiday;Universal
Comedy;2014;Six Dance Lessons in Six Weeks;Dada Films
Comedy;2014;Ping Pong Summer;Gravitas Ventures
Comedy;2014;Happy Christmas;Magnolia Pictures
Comedy;2014;Last Weekend;IFC Films
Comedy;2014;Attila Marcel;Mongrel Media
Comedy;2014;Si Ren Ding Zhi;Box Office History for China Lion Film Distribution
Comedy;2014;Believe Me;Riot Studios
Comedy;2014;Adult World;IFC Films
Comedy;2014;Menu degustacio;Magnolia Pictures
Comedy;2014;Risate di gioia;Rialto Pictures
Comedy;2014;Kelly & Cal;IFC Films
Comedy;2014;The Pretty One;Dada Films
Comedy;2014;Quai d’Orsay;
Comedy;2014;Los insolitos peces gato;Strand Releasing
Comedy;2014;Les Infideles;Weinstein Co.
Comedy;2014;De l'autre côté du périph;Weinstein Co.
Comedy;2014;Days and Nights;IFC Films
Comedy;2014;The Animal Project;Mongrel Media
Comedy;2014;Eternity: The Movie;Vagrant Films
Comedy;2014;Life Partners;Magnolia Pictures
Comedy;2014;The Olivia Experiment;Indican Pictures
Comedy;2014;Love & Air Sex;TriBeca Films
Comedy;2014;The Worst Movie EVER!;Hiltz Squared
Comedy;2014;Alceste a bicyclette;Mongrel Media
Comedy;2014;Hollidaysburg;Starz Media
Comedy;2014;Life’s a Breeze;Magnolia Pictures
Comedy;2014;Tip Top;Kino Lorber
Comedy;2014;Jake Squared;Freestyle Releasing
Comedy;2014;To Die is Hard;Box Office History for Driving With Our Eyes Shut
Comedy;2014;Two-Bit Waltz;Monterey Media
Comedy;2014;Arrete ou je continue;Film Movement
Comedy;2014;Pret a tout;Rialto Pictures
Comedy;2014;Demi-Soeur;Rialto Pictures
Comedy;2014;Free the Nipple;IFC Films
Comedy;2014;Frances Ha;IFC Films
Comedy;2014;Barbecue;Distrib Films
Comedy;2014;Computer Chess;Kino Lorber
Comedy;2015;Pitch Perfect 2;Universal
Comedy;2015;Spy!;20th Century Fox
Comedy;2015;Daddy’s Home;Paramount Pictures
Comedy;2015;Get Hard;Warner Bros.
Comedy;2015;Ted 2;Universal
Comedy;2015;The Intern;Warner Bros.
Comedy;2015;Paul Blart: Mall Cop 2;Sony Pictures
Comedy;2015;Magic Mike XXL;Warner Bros.
Comedy;2015;The Wedding Ringer;Sony Pictures
Comedy;2015;Vacation;Warner Bros.
Comedy;2015;Focus;Warner Bros.
Comedy;2015;Sisters;Universal
Comedy;2015;The Night Before;Sony Pictures
Comedy;2015;Hot Pursuit;Warner Bros.
Comedy;2015;The DUFF;CBS Films
Comedy;2015;The Second Best Exotic Marigold Hotel;Fox Searchlight
Comedy;2015;Entourage;Warner Bros.
Comedy;2015;Love the Coopers;CBS Films
Comedy;2015;Burnt;Weinstein Co.
Comedy;2015;Hot Tub Time Machine 2;Paramount Pictures
Comedy;2015;Unfinished Business;20th Century Fox
Comedy;2015;While We're Young;A24
Comedy;2015;Grandma;Box Office History for Sony Pictures Classics
Comedy;2015;Inherent Vice;Warner Bros.
Comedy;2015;Danny Collins;Bleecker Street
Comedy;2015;Irrational Man;Box Office History for Sony Pictures Classics
Comedy;2015;Scouts Guide to the Zombie Apocalypse;Paramount Pictures
Comedy;2015;What We Do in the Shadows;Unison/Paladin
Comedy;2015;Ladrones;Lionsgate
Comedy;2015;Rock the Kasbah;Open Road
Comedy;2015;The Interview;Sony Pictures
Comedy;2015;Mistress America;Fox Searchlight
Comedy;2015;Tamasha;UTV Communications
Comedy;2015;Top Five;Paramount Pictures
Comedy;2015;Infinitely Polar Bear;Box Office History for Sony Pictures Classics
Comedy;2015;Welcome Back;Eros Entertainment
Comedy;2015;Dumb and Dumber To;Universal
Comedy;2015;Gang jiong;Well Go USA
Comedy;2015;Miss You Already;Roadside Attractions
Comedy;2015;The Overnight;The Orchard
Comedy;2015;Alexander and the Terrible, Horrible, No Good, Very Bad Day;Walt Disney
Comedy;2015;Hundraåringen som klev ut genom fönstret och försvann;Mongrel Media
Comedy;2015;P.K.;UTV Communications
Comedy;2015;Tangerine;Magnolia Pictures
Comedy;2015;The D Train;IFC Films
Comedy;2015;St. Vincent;Weinstein Co.
Comedy;2015;Welcome to Me;Alchemy
Comedy;2015;Shaandaar;Fox International
Comedy;2015;Gun dan ba! Zhong liu jun;Box Office History for China Lion Film Distribution
Comedy;2015;The Grand Budapest Hotel;Fox Searchlight
Comedy;2015;En duva satt på en gren och funderade på tillvaron;Magnolia Pictures
Comedy;2015;Anomalisa;Paramount Pictures
Comedy;2015;Dope;Open Road
Comedy;2015;Samba;Entertainment One
Comedy;2015;Road Hard;FilmBuff
Comedy;2015;She's Funny That Way;Lionsgate
Comedy;2015;Adult Beginners;RADiUS-TWC
Comedy;2015;Results;Magnolia Pictures
Comedy;2015;Christmas Eve;Unstuck LLC
Comedy;2015;Six Dance Lessons in Six Weeks;Dada Films
Comedy;2015;E gun tian shi;Box Office History for China Lion Film Distribution
Comedy;2015;Güeros;Kino Lorber
Comedy;2015;Shao nian ban;Box Office History for China Lion Film Distribution
Comedy;2015;Appropriate Behavior;Gravitas Ventures
Comedy;2015;The Forbidden Room;Kino Lorber
Comedy;2015;Don Verdean;Lionsgate
Comedy;2015;People, Places, Things;Film Arcade
Comedy;2015;Match;IFC Films
Comedy;2015;Paulette;Cohen Media Group
Comedy;2015;7 Chinese Brothers;Screen Media Films
Comedy;2015;Dear White People;Box Office History for Lionsgate/Roadside Attractions
Comedy;2015;Elsa & Fred;Alchemy
Comedy;2015;Preggoland;Mongrel Media
Comedy;2015;Metropolitan;
Comedy;2015;Friends and Romans;Paladin
Comedy;2015;Campanadas a medianoche;Janus Films
Comedy;2015;The Little Death;Magnolia Pictures
Comedy;2015;Hits;Honora Productions
Comedy;2015;Eli;Eros Entertainment
Comedy;2015;Risate di gioia;Rialto Pictures
Comedy;2015;Hross i oss;Music Box Films
Comedy;2015;L'enlèvement de Michel Houellebecq;Kino Lorber
Comedy;2015;Just Before I Go;Anchor Bay/Freestyle
Comedy;2015;My Old Lady;Cohen Media Group
Comedy;2015;Wild Canaries;IFC Films
Comedy;2015;Still Life;TriBeca Films
Comedy;2015;Yi ge shao zi;Box Office History for Clarius Entertainment
Comedy;2015;Mememe no kurage;
Comedy;2015;Arrete ou je continue;Film Movement
Comedy;2015;Gone Doggy Gone;Indican Pictures
Comedy;2015;El critico;Music Box Films
Comedy;2015;Li'l Quinquin;Kino Lorber
Comedy;2015;Guidance;Strand Releasing
Comedy;2015;Sex, Death and Bowling;Monterey Media
Comedy;2015;Tu dors Nicole;Kino Lorber
Comedy;2015;Les vacances du petit Nicolas;Mongrel Media
Comedy;2015;The Voices;Lionsgate
Comedy;2015;SBK The-Movie;Hanover Multimedia
Comedy;2015;Gerontophilia;Strand Releasing
Comedy;2015;Barely Lethal;A24
Comedy;2015;Ashby;Film Arcade
Comedy;2015;What We Did on Our Holiday;Lionsgate
Comedy;2015;The Worst Movie EVER!;Hiltz Squared
Comedy;2015;Three Night Stand;Box Office History for Myriad Entertainment Group
Comedy;2015;La rançon de la gloire;
Comedy;2015;Tip Top;Kino Lorber
Comedy;2015;Drunk Wedding;Paramount Pictures
Comedy;2015;Anita Ho;Indican Pictures
Comedy;2015;De la guerre;Indican Pictures
Comedy;2015;L.A. Slasher;Box Office History for Archstone Entertainment
Comedy;2015;Women Who Flirt;Box Office History for China Lion Film Distribution
Comedy;2015;Life Partners;Magnolia Pictures
Comedy;2015;Eternity: The Movie;Vagrant Films
Comedy;2015;Conte d’été;Big World Pictures
Comedy;2015;Fonzy;Distrib Films
Comedy;2015;Chic!;Distrib Films
Comedy;2015;Two-Bit Waltz;Monterey Media
Comedy;2015;The Olivia Experiment;Indican Pictures
Comedy;2015;Lou! Journal infime;Distrib Films
Comedy;2015;Chicas Paranoicas;
Drama;2000;The Perfect Storm;Warner Bros.
Drama;2000;Erin Brockovich;Universal
Drama;2000;Remember the Titans;Walt Disney
Drama;2000;The Patriot;Sony Pictures
Drama;2000;Rules of Engagement;Paramount Pictures
Drama;2000;Coyote Ugly;Walt Disney
Drama;2000;The Green Mile;Warner Bros.
Drama;2000;American Beauty;Dreamworks SKG
Drama;2000;The Cider House Rules;Miramax
Drama;2000;The Hurricane;Universal
Drama;2000;Men of Honor;20th Century Fox
Drama;2000;The Beach;20th Century Fox
Drama;2000;Autumn in New York;MGM
Drama;2000;Bounce;Miramax
Drama;2000;My Dog Skip;Warner Bros.
Drama;2000;Where the Heart Is;20th Century Fox
Drama;2000;Pay it Forward;Warner Bros.
Drama;2000;The Legend of Bagger Vance;Dreamworks SKG
Drama;2000;Any Given Sunday;Warner Bros.
Drama;2000;Girl, Interrupted;Sony Pictures
Drama;2000;Love & Basketball;New Line
Drama;2000;Magnolia;New Line
Drama;2000;Bicentennial Man;Walt Disney
Drama;2000;Center Stage;Sony Pictures
Drama;2000;Billy Elliot;Focus Features
Drama;2000;Boiler Room;New Line
Drama;2000;The Next Best Thing;Paramount Pictures
Drama;2000;Anna and the King;20th Century Fox
Drama;2000;Snow Falling on Cedars;Universal
Drama;2000;Angela's Ashes;Paramount Pictures
Drama;2000;Here on Earth;20th Century Fox
Drama;2000;Man on the Moon;Universal
Drama;2000;The End of the Affair;Sony Pictures
Drama;2000;Boys Don't Cry;Fox Searchlight
Drama;2000;I Dreamed of Africa;Sony Pictures
Drama;2000;Croupier;Shooting Gallery
Drama;2000;Todo sobre mi madre;Box Office History for Sony Pictures Classics
Drama;2000;Finding Forrester;Sony Pictures
Drama;2000;Black and White;Sony Pictures
Drama;2000;Sunshine;Paramount Vantage
Drama;2000;Duets;Walt Disney
Drama;2000;Chocolat;Miramax
Drama;2000;You Can Count on Me;Paramount Vantage
Drama;2000;Price of Glory;New Line
Drama;2000;Quills;Fox Searchlight
Drama;2000;Ghost Dog: The Way of the Samurai;Artisan
Drama;2000;The Big Kahuna;Lionsgate
Drama;2000;Beautiful;Destination Films
Drama;2000;Up at the Villa;Focus Features
Drama;2000;The Insider;Walt Disney
Drama;2000;Requiem for a Dream;Artisan
Drama;2000;God's Army;Excel Entertainment
Drama;2000;East-West;Sony Pictures
Drama;2000;Mansfield Park;Miramax
Drama;2000;Bamboozled;New Line
Drama;2000;Cradle Will Rock;Walt Disney
Drama;2000;La lengua de las mariposas;Miramax
Drama;2000;Titus;20th Century Fox
Drama;2000;The Straight Story;Walt Disney
Drama;2000;The Color of Paradise;Box Office History for Sony Pictures Classics
Drama;2000;Holy Smoke;Miramax
Drama;2000;Hamlet;Miramax
Drama;2000;Girlfight;Sony Pictures
Drama;2000;Liberty Heights;Warner Bros.
Drama;2000;Jesus' Son;Lionsgate
Drama;2000;Turn It Up;New Line
Drama;2000;Shower;Box Office History for Sony Pictures Classics
Drama;2000;Jing ke ci qin wang;Box Office History for Sony Pictures Classics
Drama;2000;Time Code;Sony Pictures
Drama;2000;Chuck&Buck;Artisan
Drama;2000;What’s Cooking?;Lionsgate
Drama;2000;Urbania;Lionsgate
Drama;2000;Two Family House;Lionsgate
Drama;2000;La otra conquista;Hombre de Oro
Drama;2000;The Yards;Miramax
Drama;2000;Aimée & Jaguar;Zeitgeist
Drama;2000;Passion of Mind;Paramount Vantage
Drama;2000;Alice et Martin;October Films
Drama;2000;Place Vendome;Empire Pictures
Drama;2000;Kadosh;Kino International
Drama;2000;The Third Miracle;Sony Pictures
Drama;2000;Goya in Bordeaux;Box Office History for Sony Pictures Classics
Drama;2000;Joe Gould's Secret;Focus Features
Drama;2000;Fiza;Video Sound
Drama;2000;Refugee;Yash Raj Films
Drama;2000;Yi Ge Dou Bu Neng Shao;Box Office History for Sony Pictures Classics
Drama;2000;Mifune;Box Office History for Sony Pictures Classics
Drama;2000;The Opportunists;First Look
Drama;2000;The Basket;MGM
Drama;2000;A Time for Drunken Horses;Shooting Gallery
Drama;2000;A Map of the World;USA Films
Drama;2000;Fight Club;20th Century Fox
Drama;2000;Dekalog;New Yorker
Drama;2000;Malena;Miramax
Drama;2000;The Last September;
Drama;2000;Time Regained;
Drama;2000;Anywhere But Here;20th Century Fox
Drama;2000;Josh;Eros Entertainment
Drama;2000;8 ½ Women;Lionsgate
Drama;2000;Traffic;USA Films
Drama;2000;Yi Yi;WellSpring
Drama;2000;Solas;
Drama;2000;Une Liaison pornographique;Fine Line
Drama;2000;Thirteen Days;New Line
Drama;2000;Beau Travail;New Yorker
Drama;2000;Tumbleweeds;Fine Line
Drama;2000;Before Night Falls;Fine Line
Drama;2000;The Tic Code;
Drama;2000;Bulandi;
Drama;2000;Kikujiro;
Drama;2000;The War Zone;Lot 47 Films
Drama;2000;Left Luggage;Box Office History for Castle Hill Productions
Drama;2000;Cleopatra's Second Husband;Indican Pictures
Drama;2000;Mercy Streets;
Drama;2000;The Limey;Artisan
Drama;2000;The House of Mirth;Box Office History for Sony Pictures Classics
Drama;2000;The Silence;New Yorker
Drama;2000;Pola X;
Drama;2000;Un pont entre deux rives;Phaedra Cinema
Drama;2000;Tigerland;20th Century Fox
Drama;2000;Hum to Mohabbt Karega;
Drama;2000;The Messenger: The Story of Joan of Arc;Sony Pictures
Drama;2000;La ciudad;Zeitgeist
Drama;2000;Boricua's Bond;Focus Features
Drama;2000;Boys Life 3;Strand Releasing
Drama;2000;Music of the Heart;Miramax
Drama;2000;The King of Masks;Box Office History for Goldwyn Entertainment
Drama;2000;Flawless;MGM
Drama;2000;Panic;Roxie Releasing
Drama;2000;Le grand bleu;Sony Pictures
Drama;2000;Show Me Love;Strand Releasing
Drama;2000;Rosetta;USA Films
Drama;2000;Suzhou River;Strand Releasing
Drama;2000;Beefcake;Strand Releasing
Drama;2000;Felicia's Journey;Artisan
Drama;2000;Titanic Town;
Drama;2000;Earth;Zeitgeist
Drama;2000;à bout de souffle;Box Office History for Films Around the World
Drama;2000;Luminous Motion;
Drama;2000;Light It Up;20th Century Fox
Drama;2000;Pollock;Box Office History for Sony Pictures Classics
Drama;2000;Animal Factory;
Drama;2000;Madadayo;WinStar Cinema
Drama;2000;Himalaya - l'enfance d'un chef;Kino International
Drama;2000;Burlesk King;Strand Releasing
Drama;2000;Last Night;Lionsgate
Drama;2000;Boesman and Lena;Kino International
Drama;2000;The Weekend;
Drama;2000;La Grande Illusion;Rialto Pictures
Drama;2000;Wings of Courage;Box Office History for Sony Pictures Classics
Drama;2000;Wandafuru raifu;Artistic License
Drama;2000;Diary of a Chambermaid;
Drama;2000;Chunhyang;Lot 47 Films
Drama;2000;The Autumn Heart;Arrow Releasing
Drama;2000;Family Tree;
Drama;2000;All About Eve;20th Century Fox
Drama;2000;Claire Dolan;New Yorker
Drama;2000;Harem Suare;
Drama;2000;Pink Narcissus;
Drama;2000;The Visit;
Drama;2000;Babymother;Fine Line
Drama;2000;Followers;
Drama;2000;Steam: The Turkish Bath;Strand Releasing
Drama;2000;Le Chal Apne Sang;Eros Entertainment
Drama;2000;The Trial of Old Drum;
Drama;2000;Eastside;
Drama;2001;Traffic;USA Films
Drama;2001;Save the Last Dance;Paramount Pictures
Drama;2001;Artificial Intelligence: AI;Warner Bros.
Drama;2001;Chocolat;Miramax
Drama;2001;Blow;New Line
Drama;2001;Enemy at the Gates;Paramount Pictures
Drama;2001;K-PAX;Universal
Drama;2001;Ali;Sony Pictures
Drama;2001;Finding Forrester;Sony Pictures
Drama;2001;Hardball;Paramount Pictures
Drama;2001;A Beautiful Mind;Universal
Drama;2001;Thirteen Days;New Line
Drama;2001;Riding in Cars with Boys;Sony Pictures
Drama;2001;Baby Boy;Sony Pictures
Drama;2001;Captain Corelli's Mandolin;Miramax
Drama;2001;Sweet November;Warner Bros.
Drama;2001;Hearts in Atlantis;Warner Bros.
Drama;2001;Angel Eyes;Warner Bros.
Drama;2001;The Majestic;Warner Bros.
Drama;2001;Rock Star;Warner Bros.
Drama;2001;crazy/beautiful;Walt Disney
Drama;2001;O (Othello);Lionsgate
Drama;2001;Life as a House;New Line
Drama;2001;Pollock;Box Office History for Sony Pictures Classics
Drama;2001;The Man Who Wasn't There;USA Films
Drama;2001;Sexy Beast;Fox Searchlight
Drama;2001;Amores Perros;Lionsgate
Drama;2001;You Can Count on Me;Paramount Vantage
Drama;2001;Billy Elliot;Focus Features
Drama;2001;Apocalypse Now;United Artists
Drama;2001;The Shipping News;Miramax
Drama;2001;In the Bedroom;Miramax
Drama;2001;Glitter;20th Century Fox
Drama;2001;Left Behind;Cloud Ten Pictures
Drama;2001;The Anniversary Party;Fine Line
Drama;2001;Before Night Falls;Fine Line
Drama;2001;Quills;Fox Searchlight
Drama;2001;The Widow of St. Pierre;Lionsgate
Drama;2001;Songcatcher;Lionsgate
Drama;2001;The Golden Bowl;Lionsgate
Drama;2001;Malena;Miramax
Drama;2001;The House of Mirth;Box Office History for Sony Pictures Classics
Drama;2001;Kabhi Khushi Kabhie Gham;Yash Raj Films
Drama;2001;In the Mood for Love;Focus Features
Drama;2001;Waking Life;Fox Searchlight
Drama;2001;Himalaya - l'enfance d'un chef;Kino International
Drama;2001;Gabriela;Power Point Films
Drama;2001;Innocence;IDP Distribution
Drama;2001;Remember the Titans;Walt Disney
Drama;2001;China: The Panda Adventure;IMAX Films
Drama;2001;Carman: The Champion;8X Entertainment
Drama;2001;Under the Sand;WellSpring
Drama;2001;Divided We Fall;Box Office History for Sony Pictures Classics
Drama;2001;Men of Honor;20th Century Fox
Drama;2001;The Road Home;Box Office History for Sony Pictures Classics
Drama;2001;L.I.E.;Lot 47 Films
Drama;2001;The Center of the World;Artisan
Drama;2001;The Luzhin Defence;Sony Pictures
Drama;2001;Liam;Lionsgate
Drama;2001;Left Luggage;Box Office History for Castle Hill Productions
Drama;2001;Der Krieger und die Kaiserin;Box Office History for Sony Pictures Classics
Drama;2001;An American Rhapsody;Paramount Vantage
Drama;2001;Requiem for a Dream;Artisan
Drama;2001;The Business of Strangers;IFC Films
Drama;2001;Chunhyang;Lot 47 Films
Drama;2001;Yi Yi;WellSpring
Drama;2001;The Man Who Cried;Focus Features
Drama;2001;Faithless;IDP Distribution
Drama;2001;Asoka;First Look
Drama;2001;Panic;Roxie Releasing
Drama;2001;The Caveman's Valentine;Focus Features
Drama;2001;Lumumba;Zeitgeist
Drama;2001;Focus;Paramount Vantage
Drama;2001;The Legend of Rita;Kino International
Drama;2001;The Other Side of Heaven;Excel Entertainment
Drama;2001;Dayereh;WinStar Cinema
Drama;2001;Yaadein;Tips Exports
Drama;2001;15 février 1839;Lionsgate
Drama;2001;Dinner Rush;Box Office History for Access Motion Picture Group
Drama;2001;Les Rivières Pourpres;
Drama;2001;My First Mister;Paramount Vantage
Drama;2001;Pay it Forward;Warner Bros.
Drama;2001;Bread and Roses;Lionsgate
Drama;2001;Our Lady of the Assassins;Paramount Vantage
Drama;2001;Fat Girl;Cowboy Pictures
Drama;2001;Big Eden;
Drama;2001;Bully;Lionsgate
Drama;2001;Intimacy;Empire Pictures
Drama;2001;The Affair of the Necklace;Warner Bros.
Drama;2001;Donnie Darko;Newmarket Films
Drama;2001;Bride of the Wind;Paramount Vantage
Drama;2001;Monster's Ball;Lionsgate
Drama;2001;Lantana;Lionsgate
Drama;2001;Nico and Dani;Avatar
Drama;2001;No Man's Land;MGM
Drama;2001;Wings of Courage;Box Office History for Sony Pictures Classics
Drama;2001;Chopper;First Look
Drama;2001;Kandahar;Avatar
Drama;2001;Plata quemada;Strand Releasing
Drama;2001;The Fluffer;TLA Releasing
Drama;2001;Bande à part;Rialto Pictures
Drama;2001;The Visit;
Drama;2001;Series 7: The Contenders;
Drama;2001;Boys to Men;Jour de Fete
Drama;2001;A Time for Drunken Horses;Shooting Gallery
Drama;2001;Place Vendome;Empire Pictures
Drama;2001;Bounce;Miramax
Drama;2001;Charlotte Gray;Warner Bros.
Drama;2001;I Am Sam;New Line
Drama;2001;Boys Life 3;Strand Releasing
Drama;2001;Downtown 81;
Drama;2001;ABCD;Eros Entertainment
Drama;2001;Dekalog;New Yorker
Drama;2001;Iris;Miramax
Drama;2001;The Invisible Circus;
Drama;2001;The Million Dollar Hotel;
Drama;2001;Eureka;
Drama;2001;The Amati Girls;Box Office History for Providence Entertainment
Drama;2001;Aberdeen;First Run Features
Drama;2001;Aimée & Jaguar;Zeitgeist
Drama;2001;Jackpot;
Drama;2001;Bob le flambeur;Triumph Releasing
Drama;2001;Abril Despedaçado;Miramax
Drama;2001;Piñero;Miramax
Drama;2001;Baran;Miramax
Drama;2001;The Basket;MGM
Drama;2001;Suzhou River;Strand Releasing
Drama;2001;Auggie Rose;Roxie Releasing
Drama;2001;La baie des anges;Box Office History for Pathe Contemporary Films
Drama;2001;Sunshine;Paramount Vantage
Drama;2001;Adanggaman;New Yorker
Drama;2001;Cleopatra's Second Husband;Indican Pictures
Drama;2001;Goya in Bordeaux;Box Office History for Sony Pictures Classics
Drama;2001;Maze;
Drama;2001;Pola X;
Drama;2001;Forgive Me Father;Box Office History for Myriad Entertainment Group
Drama;2001;à bout de souffle;Box Office History for Films Around the World
Drama;2001;Journey to the Sun;
Drama;2001;Otomo;ArtMattan Films
Drama;2001;Beau Travail;New Yorker
Drama;2001;Rembrandt;
Drama;2001;Come and See;Self Distributed
Drama;2001;The River;
Drama;2001;La chambre des magiciennes;
Drama;2001;Hamlet;
Drama;2001;Burlesk King;Strand Releasing
Drama;2001;The Weekend;
Drama;2001;A Sensible Obsession;Westar Distributions
Drama;2001;The Annihilation of Fish;Regent Releasing
Drama;2001;Mauvais sang;
Drama;2001;Diary of a Chambermaid;
Drama;2001;Show Me Love;Strand Releasing
Drama;2002;A Beautiful Mind;Universal
Drama;2002;8 Mile;Universal
Drama;2002;Road to Perdition;Dreamworks SKG
Drama;2002;Catch Me if You Can;Dreamworks SKG
Drama;2002;We Were Soldiers;Paramount Pictures
Drama;2002;The Rookie;Walt Disney
Drama;2002;Gangs of New York;Miramax
Drama;2002;A Walk to Remember;Warner Bros.
Drama;2002;I Am Sam;New Line
Drama;2002;Blue Crush;Universal
Drama;2002;Crossroads;Paramount Pictures
Drama;2002;In the Bedroom;Miramax
Drama;2002;Monster's Ball;Lionsgate
Drama;2002;City by the Sea;Warner Bros.
Drama;2002;Frida;Miramax
Drama;2002;Hart's War;MGM
Drama;2002;Tuck Everlasting;Walt Disney
Drama;2002;The Four Feathers;Paramount Pictures
Drama;2002;Empire;Universal
Drama;2002;White Oleander;Warner Bros.
Drama;2002;Solaris;20th Century Fox
Drama;2002;The Good Girl;Fox Searchlight
Drama;2002;The Emperor's Club;Universal
Drama;2002;Y Tu Mamá También;IFC Films
Drama;2002;Undisputed;Miramax
Drama;2002;About Schmidt;New Line
Drama;2002;Knockaround Guys;New Line
Drama;2002;Far From Heaven;Focus Features
Drama;2002;Possession;Focus Features
Drama;2002;Ali;Sony Pictures
Drama;2002;The Shipping News;Miramax
Drama;2002;Moonlight Mile;Walt Disney
Drama;2002;Antwone Fisher;Fox Searchlight
Drama;2002;Deuces Wild;MGM
Drama;2002;Iris;Miramax
Drama;2002;El crimen de padre Amaro;Box Office History for Goldwyn Entertainment
Drama;2002;The Majestic;Warner Bros.
Drama;2002;Lovely and Amazing;Lionsgate
Drama;2002;Lantana;Lionsgate
Drama;2002;The Other Side of Heaven;Excel Entertainment
Drama;2002;Secretary;Lionsgate
Drama;2002;Thirteen Conversations About One Thing;Box Office History for Sony Pictures Classics
Drama;2002;The Cat's Meow;Lionsgate
Drama;2002;Sunshine State;Box Office History for Sony Pictures Classics
Drama;2002;Paid in Full;Rat Entertainment
Drama;2002;Sex and Lucia;Palm Pictures
Drama;2002;Last Orders;Box Office History for Sony Pictures Classics
Drama;2002;Hable con ella;Box Office History for Sony Pictures Classics
Drama;2002;Auto Focus;Box Office History for Sony Pictures Classics
Drama;2002;The Piano Teacher;Kino International
Drama;2002;Harrison's Flowers;Universal
Drama;2002;The Dangerous Lives of Altar Boys;ThinkFilm
Drama;2002;Seraphin un Homme et Son;Odeon Films
Drama;2002;Rabbit-Proof Fence;Miramax
Drama;2002;Late Marriage;Magnolia Pictures
Drama;2002;Ararat;Miramax
Drama;2002;Apollo 13;Universal
Drama;2002;Joshua;Artisan
Drama;2002;Read My Lips;Magnolia Pictures
Drama;2002;Nueve Reinas;Box Office History for Sony Pictures Classics
Drama;2002;China: The Panda Adventure;IMAX Films
Drama;2002;Kandahar;Avatar
Drama;2002;24 Hour Party People;MGM
Drama;2002;The Hours;Paramount Pictures
Drama;2002;The Last Kiss;ThinkFilm
Drama;2002;Evelyn;MGM
Drama;2002;The Son's Room;Miramax
Drama;2002;The Pianist;Focus Features
Drama;2002;Time Changer;Five & Two Pictures
Drama;2002;Kaante;Media Partners
Drama;2002;Storytelling;Fine Line
Drama;2002;Russkiy kovcheg;WellSpring
Drama;2002;No Man's Land;MGM
Drama;2002;Bloody Sunday;Paramount Vantage
Drama;2002;Personal Velocity;MGM
Drama;2002;Savage Messiah;Christal Films
Drama;2002;The Emperor's New Clothes;Paramount Vantage
Drama;2002;25th Hour;Walt Disney
Drama;2002;Forgive Me Father;Box Office History for Myriad Entertainment Group
Drama;2002;Charlotte Gray;Warner Bros.
Drama;2002;The Man Who Wasn't There;USA Films
Drama;2002;Time Out;
Drama;2002;The Believer;Sony Pictures
Drama;2002;The Fluffer;TLA Releasing
Drama;2002;The Quiet American;Miramax
Drama;2002;Jibeuro;
Drama;2002;Waking Life;Fox Searchlight
Drama;2002;Mad Love;
Drama;2002;Piñero;Miramax
Drama;2002;Skins;First Look
Drama;2002;The Business of Strangers;IFC Films
Drama;2002;Circuit;Jour de Fete
Drama;2002;In Praise of Love;
Drama;2002;Nicholas Nickleby;United Artists
Drama;2002;Murderous Maids;
Drama;2002;Tully;
Drama;2002;Betty Fisher et autres histoires;WellSpring
Drama;2002;The Business of Fancy Dancing;Outrider Pictures
Drama;2002;Confessions of a Dangerous Mind;Miramax
Drama;2002;Fat Girl;Cowboy Pictures
Drama;2002;Swimming;
Drama;2002;Shiqi sui de dan che;Box Office History for Sony Pictures Classics
Drama;2002;All or Nothing;MGM
Drama;2002;Dahmer;
Drama;2002;The Cherry Orchard;
Drama;2002;Stolen Summer;Miramax
Drama;2002;Big Bad Love;IFC Films
Drama;2002;Intimacy;Empire Pictures
Drama;2002;Shiri;
Drama;2002;Hometown Legend;
Drama;2002;Code Unknown;
Drama;2002;Donnie Darko;Newmarket Films
Drama;2002;Mean Machine;
Drama;2002;Baran;Miramax
Drama;2002;Borstal Boy;Strand Releasing
Drama;2002;Himalaya - l'enfance d'un chef;Kino International
Drama;2002;Dekalog;New Yorker
Drama;2002;Intacto;
Drama;2002;Max;Lionsgate
Drama;2002;Taliesin Jones;
Drama;2002;Hardball;Paramount Pictures
Drama;2002;Umberto D;Janus Films
Drama;2002;Saathiya;
Drama;2002;Langrishe, Go Down;
Drama;2002;Wings of Courage;Box Office History for Sony Pictures Classics
Drama;2002;Chelsea Walls;Lionsgate
Drama;2002;Harvard Man;
Drama;2002;Morvern Callar;
Drama;2002;La baie des anges;Box Office History for Pathe Contemporary Films
Drama;2002;Ciao America;
Drama;2002;Children on Their Birthdays;Artisan
Drama;2002;O Fantasma;
Drama;2002;Ivan's XTC;
Drama;2002;Plata quemada;Strand Releasing
Drama;2002;Astoria;Distributor Unknown
Drama;2002;An American Rhapsody;Paramount Vantage
Drama;2002;Focus;Paramount Vantage
Drama;2002;Innocence;IDP Distribution
Drama;2002;Love Liza;Box Office History for Sony Pictures Classics
Drama;2002;Les enfants du siècle;Empire Pictures
Drama;2002;Quai des Orfevres;
Drama;2002;The Calling;Testimony Pictures
Drama;2002;Agni Varsha;Box Office History for Cinebella Entertainment
Drama;2002;Abril Despedaçado;Miramax
Drama;2002;Gabriela;Power Point Films
Drama;2002;The Isle;
Drama;2002;Scarlet Diva;
Drama;2002;Aberdeen;First Run Features
Drama;2002;Sonny;
Drama;2002;Dayereh;WinStar Cinema
Drama;2002;The Farewell;
Drama;2002;Bobby G. Can't Swim;
Drama;2002;Riri Shushu no subete;Cowboy Pictures
Drama;2002;Ikiru;
Drama;2002;Our Lady of the Assassins;Paramount Vantage
Drama;2002;Smokers Only;
Drama;2002;Buddha Heads;Pathfinder
Drama;2002;Under the Sand;WellSpring
Drama;2002;My First Mister;Paramount Vantage
Drama;2002;The Affair of the Necklace;Warner Bros.
Drama;2002;L.I.E.;Lot 47 Films
Drama;2002;Sia, The Dream of the Python;ArtMattan Films
Drama;2002;Cleopatra's Second Husband;Indican Pictures
Drama;2002;Takhté siah;Box Office History for Leisure Time Features
Drama;2002;Caravaggio;Cinevista
Drama;2002;Take Care of My Cat;
Drama;2002;Tattoo Bar;ArtMattan Films
Drama;2002;Ash Wednesday;Focus Features
Drama;2002;By Hook or by Crook;Artistic License
Drama;2002;Otomo;ArtMattan Films
Drama;2002;The Lonely Affair of the Heart;
Drama;2002;Adanggaman;New Yorker
Drama;2002;‘R Xmas;Pathfinder
Drama;2003;Seabiscuit;Universal
Drama;2003;Catch Me if You Can;Dreamworks SKG
Drama;2003;Mystic River;Warner Bros.
Drama;2003;About Schmidt;New Line
Drama;2003;Radio;Sony Pictures
Drama;2003;Mona Lisa Smile;Sony Pictures
Drama;2003;Cold Mountain;Miramax
Drama;2003;Secondhand Lions;New Line
Drama;2003;The Hours;Paramount Pictures
Drama;2003;Lost in Translation;Focus Features
Drama;2003;The Pianist;Focus Features
Drama;2003;Gangs of New York;Miramax
Drama;2003;Honey;Universal
Drama;2003;Whale Rider;Newmarket Films
Drama;2003;Confessions of a Dangerous Mind;Miramax
Drama;2003;Antwone Fisher;Fox Searchlight
Drama;2003;How to Deal;New Line
Drama;2003;Gods and Generals;Warner Bros.
Drama;2003;The Quiet American;Miramax
Drama;2003;25th Hour;Walt Disney
Drama;2003;Confidence;Lionsgate
Drama;2003;Big Fish;Sony Pictures
Drama;2003;Dirty Pretty Things;Miramax
Drama;2003;21 Grams;Focus Features
Drama;2003;Hable con ella;Box Office History for Sony Pictures Classics
Drama;2003;Nowhere in Africa;Zeitgeist
Drama;2003;American Splendor;Fine Line
Drama;2003;Luther;RS Entertainment
Drama;2003;House of Sand and Fog;Dreamworks SKG
Drama;2003;The Human Stain;Miramax
Drama;2003;In America;Fox Searchlight
Drama;2003;Seraphin un Homme et Son;Odeon Films
Drama;2003;Les invasions barbares;Miramax
Drama;2003;The Magdalene Sisters;Miramax
Drama;2003;Cidade de Deus;Miramax
Drama;2003;The Station Agent;Miramax
Drama;2003;Far From Heaven;Focus Features
Drama;2003;Thirteen;Fox Searchlight
Drama;2003;Frida;Miramax
Drama;2003;Rabbit-Proof Fence;Miramax
Drama;2003;Beyond Borders;Paramount Pictures
Drama;2003;Scarface;Universal
Drama;2003;Better Luck Tomorrow;Paramount Pictures
Drama;2003;The Secret Lives of Dentists;Box Office History for Manhattan Pictures International
Drama;2003;Laurel Canyon;Box Office History for Sony Pictures Classics
Drama;2003;The Gospel of John;ThinkFilm
Drama;2003;L'homme du train;Paramount Vantage
Drama;2003;The Dancer Upstairs;Fox Searchlight
Drama;2003;Russkiy kovcheg;WellSpring
Drama;2003;Shattered Glass;Lionsgate
Drama;2003;Raising Victor Vargas;Samuel Goldwyn Films
Drama;2003;Sur Le Seuil;Alliance Atlantis
Drama;2003;Kal Ho Naa Ho;Yash Raj Films
Drama;2003;The Cooler;Lionsgate
Drama;2003;Spider;Box Office History for Sony Pictures Classics
Drama;2003;Veronica Guerin;Walt Disney
Drama;2003;8 Mile;Universal
Drama;2003;Northfork;Paramount Vantage
Drama;2003;Nicholas Nickleby;United Artists
Drama;2003;Sylvia;Focus Features
Drama;2003;Elephant;Fine Line
Drama;2003;Main Prem Ki Diwani Hoon;Yash Raj Films
Drama;2003;El crimen de padre Amaro;Box Office History for Goldwyn Entertainment
Drama;2003;He ni zai yi qi;United Artists
Drama;2003;The Book of Mormon Movie, Volume 1: The Journey;Distributor Unknown
Drama;2003;Respiro;Box Office History for Sony Pictures Classics
Drama;2003;Wonderland;Lionsgate
Drama;2003;Owning Mahowny;Box Office History for Sony Pictures Classics
Drama;2003;Assassination Tango;MGM
Drama;2003;Baghban;Eros Entertainment
Drama;2003;Empire;Universal
Drama;2003;Gaz Bar Blues;Odeon Films
Drama;2003;Girl with a Pearl Earring;Lionsgate
Drama;2003;Irreversible;Lionsgate
Drama;2003;And now... Ladies and Gentlemen;Paramount Vantage
Drama;2003;The Shape of Things;Focus Features
Drama;2003;Koi… Mil Gaya;Yash Raj Films
Drama;2003;The Holy Land;CAVU Releasing
Drama;2003;L.O.C. (Kargil);Eros Entertainment
Drama;2003;Poolhall Junkies;Gold Circle Films
Drama;2003;China: The Panda Adventure;IMAX Films
Drama;2003;All the Real Girls;Box Office History for Sony Pictures Classics
Drama;2003;Masked and Anonymous;Sony Pictures
Drama;2003;Time Changer;Five & Two Pictures
Drama;2003;Cremaster 3;Palm Pictures
Drama;2003;Blizzard;
Drama;2003;Casa de los Babys;IFC Films
Drama;2003;Blue Car;Miramax
Drama;2003;Max;Lionsgate
Drama;2003;Monster;Newmarket Films
Drama;2003;Lockdown;
Drama;2003;Evelyn;MGM
Drama;2003;My Life Without Me;Sony Pictures
Drama;2003;Divine Intervention;Avatar
Drama;2003;City of Ghosts;MGM
Drama;2003;The Safety of Objects;
Drama;2003;Apollo 13;Universal
Drama;2003;The Company;Sony Pictures
Drama;2003;Khushi;
Drama;2003;Sweet Sixteen;
Drama;2003;Armaan;
Drama;2003;Amen;Kino International
Drama;2003;Alexandra's Project;Film Movement
Drama;2003;Civil Brand;Lionsgate
Drama;2003;Tuck Everlasting;Walt Disney
Drama;2003;Saathiya;
Drama;2003;La face cachée de la lune;TLA Releasing
Drama;2003;The Emperor's Club;Universal
Drama;2003;Intacto;
Drama;2003;Morvern Callar;
Drama;2003;Tully;
Drama;2003;Madame Satã;
Drama;2003;Yossi & Jagger;
Drama;2003;Ararat;Miramax
Drama;2003;Lilja 4-ever;Newmarket Films
Drama;2003;Love Liza;Box Office History for Sony Pictures Classics
Drama;2003;Taking Sides;New Yorker
Drama;2003;Secretary;Lionsgate
Drama;2003;Friday Night (Vendredi Soir);
Drama;2003;Jibeuro;
Drama;2003;Open Hearts;
Drama;2003;Quai des Orfevres;
Drama;2003;11'09''01 - September 11;Empire Pictures
Drama;2003;Charlotte Sometimes;Small Planet
Drama;2003;Till Human Voices Wake Us;
Drama;2003;Personal Velocity;MGM
Drama;2003;Solaris;20th Century Fox
Drama;2003;Touchez Pas au Grisbi;
Drama;2003;Kaante;Media Partners
Drama;2003;Emerald Cowboy;Indican Pictures
Drama;2003;Cet amour-là;New Yorker
Drama;2003;O Fantasma;
Drama;2003;Manic;
Drama;2003;Pinjar;
Drama;2003;The Son;New Yorker
Drama;2003;I Vitelloni;Kino International
Drama;2003;Painted Fire;
Drama;2003;Prey for Rock & Roll;
Drama;2003;The Embalmer;
Drama;2003;Auto Focus;Box Office History for Sony Pictures Classics
Drama;2003;Carnage;WellSpring
Drama;2003;Small Voices;
Drama;2003;Boys Life 4: Four Play;Strand Releasing
Drama;2003;Ikiru;
Drama;2003;Love the Hard Way;
Drama;2003;Fat Girl;Cowboy Pictures
Drama;2003;Moonlight Mile;Walt Disney
Drama;2003;Au Hasard Balthazar;Rialto Pictures
Drama;2003;Sennen joyû;DreamWorks/Go Fish
Drama;2003;This Thing of Ours;
Drama;2003;Japanese Story;IDP Distribution
Drama;2003;All or Nothing;MGM
Drama;2003;What Alice Found;Box Office History for Castle Hill Productions
Drama;2003;Snowboarder;
Drama;2003;Porn Theater;
Drama;2003;Bolivia;
Drama;2003;Japón;
Drama;2003;Betty Fisher et autres histoires;WellSpring
Drama;2003;AKA;Empire Pictures
Drama;2003;In Praise of Love;
Drama;2003;From Here to Eternity;
Drama;2003;Takhté siah;Box Office History for Leisure Time Features
Drama;2003;Medea;
Drama;2003;Riri Shushu no subete;Cowboy Pictures
Drama;2003;Hukkle;Shadow
Drama;2003;Bloody Sunday;Paramount Vantage
Drama;2003;Postmen in the Mountains;Shadow
Drama;2003;Camera Obscura;
Drama;2003;Secret Things;First Run Features
Drama;2003;Acts of Worship;
Drama;2003;Love Forbidden;
Drama;2003;Millenium Mambo;
Drama;2003;Zero Day;Avatar
Drama;2003;El Bonaerense;
Drama;2003;The Calling;Testimony Pictures
Drama;2003;Take Care of My Cat;
Drama;2003;Wings of Courage;Box Office History for Sony Pictures Classics
Drama;2003;Kandahar;Avatar
Drama;2003;Smokers Only;
Drama;2003;Kira's Reason: A Love Story;
Drama;2003;Sandstorm;
Drama;2003;Blindness;Pathfinder
Drama;2004;The Passion of the Christ;Newmarket Films
Drama;2004;The Notebook;New Line
Drama;2004;The Terminal;Dreamworks SKG
Drama;2004;Ray;Universal
Drama;2004;Miracle;Walt Disney
Drama;2004;Friday Night Lights;Universal
Drama;2004;Big Fish;Sony Pictures
Drama;2004;Cold Mountain;Miramax
Drama;2004;You Got Served;Sony Pictures
Drama;2004;Mystic River;Warner Bros.
Drama;2004;Monster;Newmarket Films
Drama;2004;The Aviator;Miramax
Drama;2004;Closer;Sony Pictures
Drama;2004;Garden State;Fox Searchlight
Drama;2004;Finding Neverland;Miramax
Drama;2004;Sideways;Fox Searchlight
Drama;2004;Vanity Fair;Focus Features
Drama;2004;The Motorcycle Diaries;Focus Features
Drama;2004;Dirty Dancing Havana Nights;Lionsgate
Drama;2004;Mona Lisa Smile;Sony Pictures
Drama;2004;De-Lovely;MGM
Drama;2004;Lost in Translation;Focus Features
Drama;2004;Girl with a Pearl Earring;Lionsgate
Drama;2004;Raise Your Voice;New Line
Drama;2004;In America;Fox Searchlight
Drama;2004;21 Grams;Focus Features
Drama;2004;House of Sand and Fog;Dreamworks SKG
Drama;2004;Woman Thou Art Loosed;Magnolia Pictures
Drama;2004;Kinsey;Fox Searchlight
Drama;2004;Maria Full of Grace;New Line
Drama;2004;The Cooler;Lionsgate
Drama;2004;Against the Ropes;Paramount Pictures
Drama;2004;Before Sunset;Warner Independent
Drama;2004;The Clearing;Fox Searchlight
Drama;2004;Birth;New Line
Drama;2004;The Door in the Floor;Focus Features
Drama;2004;Benji: Off the Leash!;Benji Returns
Drama;2004;Being Julia;Sony Pictures
Drama;2004;Les invasions barbares;Miramax
Drama;2004;Veer-Zaara;Yash Raj Films
Drama;2004;Monsieur Ibrahim;Box Office History for Sony Pictures Classics
Drama;2004;Cidade de Deus;Miramax
Drama;2004;Bobby Jones: Stroke of Genius;Film Foundry
Drama;2004;Un long dimanche de fiançailles;Warner Bros.
Drama;2004;The Dreamers;Fox Searchlight
Drama;2004;Bom yeoreum gaeul gyeoul geurigo bom;Box Office History for Sony Pictures Classics
Drama;2004;Vera Drake;Fine Line
Drama;2004;Confidences trop intimes;Paramount Vantage
Drama;2004;We Don't Live Here Anymore;Warner Bros.
Drama;2004;The Company;Sony Pictures
Drama;2004;Beyond the Sea;Lionsgate
Drama;2004;Les Choristes;Miramax
Drama;2004;Therese;Luke Films
Drama;2004;La mala educación;Box Office History for Sony Pictures Classics
Drama;2004;Main Hoon Na;Eros Entertainment
Drama;2004;Io non ho paura;Miramax
Drama;2004;The Blue Butterfly;Alliance Atlantis
Drama;2004;Dogville;Lionsgate
Drama;2004;Honey;Universal
Drama;2004;Monica La Mitraille;Distributor Unknown
Drama;2004;The Work and the Glory;Excel Entertainment
Drama;2004;Saints and Soldiers;Excel Entertainment
Drama;2004;Osama;MGM
Drama;2004;Million Dollar Baby;Warner Bros.
Drama;2004;Tae Guik Gi: The Brotherhood of War;IDP Distribution
Drama;2004;The Station Agent;Miramax
Drama;2004;The Mother;Sony Pictures
Drama;2004;Swades;UTV Communications
Drama;2004;Le Dernier Tunnel;Christal Films
Drama;2004;A Home at the End of the World;Warner Independent
Drama;2004;The Gospel of John;ThinkFilm
Drama;2004;Criminal;Warner Bros.
Drama;2004;Nouvelle-France;Christal Films
Drama;2004;Latter Days;TLA Releasing
Drama;2004;La Battaglia di Algeri;
Drama;2004;Stage Beauty;Artisan
Drama;2004;Young Adam;Box Office History for Sony Pictures Classics
Drama;2004;Donnie Darko;Newmarket Films
Drama;2004;Rosenstrasse;IDP Distribution
Drama;2004;The Saddest Music in the World;IFC Films
Drama;2004;Red Lights;WellSpring
Drama;2004;Japanese Story;IDP Distribution
Drama;2004;Mean Creek;Paramount Vantage
Drama;2004;Khakee;Eros Entertainment
Drama;2004;Facing Windows;Sony Pictures
Drama;2004;The Book of Mormon Movie, Volume 1: The Journey;Distributor Unknown
Drama;2004;Radio;Sony Pictures
Drama;2004;The Twilight Samurai;Empire Pictures
Drama;2004;The Return;Kino International
Drama;2004;Alexandra's Project;Film Movement
Drama;2004;Strayed;WellSpring
Drama;2004;Hotel Rwanda;MGM
Drama;2004;Primer;ThinkFilm
Drama;2004;Knafayim Shvurot;Box Office History for Sony Pictures Classics
Drama;2004;Head in the Clouds;Sony Pictures
Drama;2004;The Brown Bunny;WellSpring
Drama;2004;Since Otar Left;Zeitgeist
Drama;2004;The United States of Leland;Paramount Vantage
Drama;2004;Yuva;Net Effect
Drama;2004;Callas Forever;Regent Releasing
Drama;2004;Zelary;Box Office History for Sony Pictures Classics
Drama;2004;Mickey;Slugger Films
Drama;2004;I Am David;Lionsgate
Drama;2004;Valentin;Miramax
Drama;2004;The Reckoning;Paramount Vantage
Drama;2004;Asa Nu Maan Watna Da;Distributor Unknown
Drama;2004;Carandiru;Sony Pictures
Drama;2004;The Woodsman;Newmarket Films
Drama;2004;Around the Bend;Warner Independent
Drama;2004;Guiana 1838;RBC Radio
Drama;2004;Testosterone;Strand Releasing
Drama;2004;P.S.;Newmarket Films
Drama;2004;Stateside;IDP Distribution
Drama;2004;China: The Panda Adventure;IMAX Films
Drama;2004;When Will I Be Loved;IFC Films
Drama;2004;Crimson Gold;WellSpring
Drama;2004;Mar adentro;Fine Line
Drama;2004;Zhou Yu's Train;Box Office History for Sony Pictures Classics
Drama;2004;Undertow;MGM
Drama;2004;Moolaadé;New Yorker
Drama;2004;Postmen in the Mountains;Shadow
Drama;2004;The Merchant of Venice;Box Office History for Sony Pictures Classics
Drama;2004;Shattered Glass;Lionsgate
Drama;2004;A Slipping Down Life;Lionsgate
Drama;2004;Distant;New Yorker
Drama;2004;Secret Things;First Run Features
Drama;2004;Un monde presque paisible;Empire Pictures
Drama;2004;Phir Milenge;UTV Communications
Drama;2004;Mou gaan dou;Miramax
Drama;2004;Dev;Distributor Unknown
Drama;2004;Yossi & Jagger;
Drama;2004;Reconstruction;Palm/Manga
Drama;2004;Ah Fei Ching Chuen;Kino International
Drama;2004;Notre Musique;WellSpring
Drama;2004;The Inheritance;Cinema Guild
Drama;2004;James' Journey to Jerusalem;Zeitgeist
Drama;2004;The Mudge Boy;Strand Releasing
Drama;2004;Time of the Wolf;Palm Pictures
Drama;2004;Noi Albinoi;Palm Pictures
Drama;2004;Her Majesty;Box Office History for Panorama Entertainment
Drama;2004;I Vitelloni;Kino International
Drama;2004;The Assassination of Richard Nixon;ThinkFilm
Drama;2004;Twentynine Palms;WellSpring
Drama;2004;Gozu;Pathfinder
Drama;2004;The Tracker;ArtMattan Films
Drama;2004;L.A. Twister;Indican Pictures
Drama;2004;Twist;Strand Releasing
Drama;2004;Alila;Kino International
Drama;2004;A Thousand Clouds of Peace;Strand Releasing
Drama;2004;Brother to Brother;Wolfe Releasing
Drama;2004;Untold Scandal;Kino International
Drama;2004;Lana's Rain;ISA Releasing
Drama;2004;You'll Get Over It;Box Office History for Picture This Entertainment
Drama;2004;Springtime in a Small Town;Palm Pictures
Drama;2004;A Love Song for Bobby Long;Lionsgate
Drama;2004;Poco più di un anno fa;Wolfe Releasing
Drama;2004;Grand Champion;IFG
Drama;2004;Hukkle;Shadow
Drama;2004;La vie promise;Empire Pictures
Drama;2004;Après la vie;Magnolia Pictures
Drama;2004;What Alice Found;Box Office History for Castle Hill Productions
Drama;2004;Father and Son;WellSpring
Drama;2004;Dirty Pretty Things;Miramax
Drama;2004;After Freedom;Vitagraph Films
Drama;2004;Anatomie de l'enfer;Tartan Films
Drama;2004;Mang jing;Kino International
Drama;2004;L.O.C. (Kargil);Eros Entertainment
Drama;2004;L'âge d'or;Kino International
Drama;2004;Gypsy 83;Small Planet
Drama;2004;Emerald Cowboy;Indican Pictures
Drama;2004;AKA;Empire Pictures
Drama;2004;Goodbye Dragon Inn;WellSpring
Drama;2004;A Fond Kiss;Box Office History for Castle Hill Productions
Drama;2004;Bang Rajan;Magnolia Pictures
Drama;2004;Incantato;Box Office History for Northern Arts Entertainment
Drama;2004;Apollo 13;Universal
Drama;2004;Son Frere;Strand Releasing
Drama;2004;La petite Lili;First Run Features
Drama;2004;The Human Stain;Miramax
Drama;2004;Kal Ho Naa Ho;Yash Raj Films
Drama;2004;Stander;
Drama;2004;Face;Indican Pictures
Drama;2004;Purple Butterfly;Palm Pictures
Drama;2004;It's Easier for a Camel;New Yorker
Drama;2004;Small Voices;
Drama;2004;Crutch;Illuminare
Drama;2004;The 24th Day;Screen Media Films
Drama;2004;Taking Sides;New Yorker
Drama;2004;Raja;
Drama;2004;Big Ain't Bad;
Drama;2004;Deserted Station;First Run Features
Drama;2004;Intoxicating;
Drama;2004;A Talking Picture;Kino International
Drama;2004;Spin;Box Office History for Innovation Film Group
Drama;2004;Virgin;Artistic License
Drama;2004;Mind the Gap;Mind the Gap
Drama;2004;A Silent Love;Atopia
Drama;2004;Imagining Argentina;Arenas Entertainment
Drama;2004;The Holy Land;CAVU Releasing
Drama;2004;The Intended;IFC Films
Drama;2004;Carnage;WellSpring
Drama;2004;Millenium Mambo;
Drama;2004;The Last Place on Earth;Box Office History for Panorama Entertainment
Drama;2004;Wake;Newmarket Films
Drama;2004;It's All About Love;Strand Releasing
Drama;2004;Akarui mirai;Palm Pictures
Drama;2004;Imaginary Heroes;Box Office History for Sony Pictures Classics
Drama;2004;The Son;New Yorker
Drama;2004;Free Radicals;Kino International
Drama;2004;Porn Theater;
Drama;2004;Dolls;Palm Pictures
Drama;2004;11'09''01 - September 11;Empire Pictures
Drama;2004;Open My Heart;Strand Releasing
Drama;2004;Duze zwierze;
Drama;2004;Silent Waters;First Run Features
Drama;2004;Ein Leben lang kurze Hosen tragen;Strand Releasing
Drama;2004;Conspiracy of Silence;Watch Releasing
Drama;2004;The Other World;ArtMattan Films
Drama;2004;Firedancer;Cinema Four
Drama;2004;Abouna;Box Office History for Leisure Time Features
Drama;2004;Artworks;Box Office History for Panorama Entertainment
Drama;2004;On the Downlow;Cinema Con Sabor
Drama;2004;Shwaas;Kathi Arts
Drama;2004;The Mongol King;
Drama;2004;The Road to Love;Box Office History for Arab Film Distribution
Drama;2004;Cremaster 3;Palm Pictures
Drama;2004;Tasuma;ArtMattan Films
Drama;2005;Million Dollar Baby;Warner Bros.
Drama;2005;Walk the Line;20th Century Fox
Drama;2005;The Aviator;Miramax
Drama;2005;Coach Carter;Paramount Pictures
Drama;2005;Jarhead;Universal
Drama;2005;Cinderella Man;Universal
Drama;2005;Crash;Lionsgate
Drama;2005;Diary of a Mad Black Woman;Lionsgate
Drama;2005;Sideways;Fox Searchlight
Drama;2005;The Sisterhood of the Traveling Pants;Warner Bros.
Drama;2005;Pride & Prejudice;Focus Features
Drama;2005;Dreamer: Inspired by a True Story;Dreamworks SKG
Drama;2005;In Her Shoes;20th Century Fox
Drama;2005;Get Rich or Die Tryin';Paramount Pictures
Drama;2005;Memoirs of a Geisha;Sony Pictures
Drama;2005;Finding Neverland;Miramax
Drama;2005;Elizabethtown;Paramount Pictures
Drama;2005;Lord of War;Lionsgate
Drama;2005;Good Night, and Good Luck;Warner Independent
Drama;2005;Hotel Rwanda;MGM
Drama;2005;2 For the Money;Universal
Drama;2005;Hustle & Flow;Paramount Vantage
Drama;2005;The Upside of Anger;New Line
Drama;2005;North Country;Warner Bros.
Drama;2005;The Gospel;Sony Pictures
Drama;2005;The Greatest Game Ever Played;Walt Disney
Drama;2005;Brokeback Mountain;Focus Features
Drama;2005;The Weather Man;Paramount Pictures
Drama;2005;Capote;Box Office History for Sony Pictures Classics
Drama;2005;Lords of Dogtown;Sony Pictures
Drama;2005;Shopgirl;Walt Disney
Drama;2005;An Unfinished Life;Miramax
Drama;2005;Proof;Miramax
Drama;2005;Ladies in Lavender;IDP/Goldwyn/Roadside
Drama;2005;Closer;Sony Pictures
Drama;2005;Der Untergang;Newmarket Films
Drama;2005;The Squid and the Whale;IDP/Goldwyn/Roadside
Drama;2005;Beyond the Sea;Lionsgate
Drama;2005;Being Julia;Sony Pictures
Drama;2005;Ray;Universal
Drama;2005;The Merchant of Venice;Box Office History for Sony Pictures Classics
Drama;2005;Un long dimanche de fiançailles;Warner Bros.
Drama;2005;Kinsey;Fox Searchlight
Drama;2005;La mala educación;Box Office History for Sony Pictures Classics
Drama;2005;G;Aloha Releasing
Drama;2005;Walk on Water;Samuel Goldwyn Films
Drama;2005;Junebug;Box Office History for Sony Pictures Classics
Drama;2005;The Work and the Glory;Excel Entertainment
Drama;2005;Oliver Twist;Sony/TriStar
Drama;2005;Mar adentro;Fine Line
Drama;2005;The Work and the Glory: American Zion;Box Office History for Vineyard Distribution
Drama;2005;Les Choristes;Miramax
Drama;2005;Comme une image;Box Office History for Sony Pictures Classics
Drama;2005;Everything is Illuminated;Warner Independent
Drama;2005;Vera Drake;Fine Line
Drama;2005;2046;Box Office History for Sony Pictures Classics
Drama;2005;Paheli (Puzzle);Eros Entertainment
Drama;2005;The Woodsman;Newmarket Films
Drama;2005;Ushpizin;Picturehouse
Drama;2005;Dear Frankie;Miramax
Drama;2005;Happy Endings;Lionsgate
Drama;2005;Off the Map;Holedigger Studios
Drama;2005;Indigo;Embassy
Drama;2005;Heights;Box Office History for Sony Pictures Classics
Drama;2005;Bee Season;Fox Searchlight
Drama;2005;Paradise Now;Warner Independent
Drama;2005;The Motorcycle Diaries;Focus Features
Drama;2005;De battre mon coeur s'est arrêté;WellSpring
Drama;2005;My Summer of Love;Focus Features
Drama;2005;The Rising;Yash Raj Films
Drama;2005;Separate Lies;Fox Searchlight
Drama;2005;Casanova;Walt Disney
Drama;2005;Where the Truth Lies;ThinkFilm
Drama;2005;MirrorMask;Samuel Goldwyn Films
Drama;2005;Therese;Luke Films
Drama;2005;Innocent Voices;BB Entertainment
Drama;2005;WAQT;Eros Entertainment
Drama;2005;Parineeta;UTV Communications
Drama;2005;Black;Yash Raj Films
Drama;2005;Mysterious Skin;Tartan Films
Drama;2005;The Ballad of Jack and Rose;IFC Films
Drama;2005;Nobody Knows;IFC Films
Drama;2005;Balzac et la petite tailleuse chinoise;Empire Pictures
Drama;2005;The Assassination of Richard Nixon;ThinkFilm
Drama;2005;Saraband;Box Office History for Sony Pictures Classics
Drama;2005;The Prize Winner of Defiance, Ohio;Dreamworks SKG
Drama;2005;Palindromes;WellSpring
Drama;2005;Kids in America;Slowhand Cinema
Drama;2005;Madison;MGM
Drama;2005;Professione: reporter;Box Office History for Sony Pictures Classics
Drama;2005;The Passion of the Christ;Newmarket Films
Drama;2005;Travellers and Magicians;Zeitgeist
Drama;2005;Bewafaa;Eros Entertainment
Drama;2005;Last Days;Picturehouse
Drama;2005;The Beautiful Country;Box Office History for Sony Pictures Classics
Drama;2005;Gegen die Wand;Strand Releasing
Drama;2005;Yes;Box Office History for Sony Pictures Classics
Drama;2005;House of D;Lionsgate
Drama;2005;Brødre;IFC Films
Drama;2005;The Game of Their Lives;IFC Films
Drama;2005;Breakfast on Pluto;Box Office History for Sony Pictures Classics
Drama;2005;Nine Lives;Magnolia Pictures
Drama;2005;Green Street Hooligans;Freestyle Releasing
Drama;2005;Kaal;Yash Raj Films
Drama;2005;The Dying Gaul;Holedigger Studios
Drama;2005;Viruddh;UTV Communications
Drama;2005;Winter Solstice;Paramount Vantage
Drama;2005;The Holy Girl;Fine Line
Drama;2005;Cronicas;Palm Pictures
Drama;2005;Caterina va in città;Empire Pictures
Drama;2005;Rois & Reine;WellSpring
Drama;2005;La meglio gioventù;Miramax
Drama;2005;Ascenseur pour l'échafaud;Rialto Pictures
Drama;2005;Turtles Can Fly;IFC Films
Drama;2005;Ils se marièrent et eurent beaucoup d'enfants;Kino International
Drama;2005;A Tout de Suite;Cinema Guild
Drama;2005;Birth;New Line
Drama;2005;Bin-jip;Box Office History for Sony Pictures Classics
Drama;2005;Imaginary Heroes;Box Office History for Sony Pictures Classics
Drama;2005;Modigliani;Bauer Martinez
Drama;2005;The Keeper: The Legend of Omar Khayyam;Arrival Pictures
Drama;2005;Masculin féminin;Rialto Pictures
Drama;2005;November;Box Office History for Sony Pictures Classics
Drama;2005;Eros;Warner Independent
Drama;2005;The White Countess;Box Office History for Sony Pictures Classics
Drama;2005;The Baxter;IFC Films
Drama;2005;The Edukators;IFC Films
Drama;2005;Saints and Soldiers;Excel Entertainment
Drama;2005;In My Country;Box Office History for Sony Pictures Classics
Drama;2005;Swades;UTV Communications
Drama;2005;Mughal-e-Azam;UTV Communications
Drama;2005;The New World;New Line
Drama;2005;Kisna;Eros Entertainment
Drama;2005;Beautiful Boxer;Regent Releasing
Drama;2005;Tony Takitani;Strand Releasing
Drama;2005;Dil Jo Bhi Kahey...;Eros Entertainment
Drama;2005;Lila dit ça;Samuel Goldwyn Films
Drama;2005;It's All Gone Pete Tong;Matson
Drama;2005;A Love Song for Bobby Long;Lionsgate
Drama;2005;Callas Forever;Regent Releasing
Drama;2005;Moolaadé;New Yorker
Drama;2005;Don't Move;Box Office History for Northern Arts Entertainment
Drama;2005;Intimate Stories;New Yorker
Drama;2005;Neal n' Nikki;Yash Raj Films
Drama;2005;Pure;Indican Pictures
Drama;2005;Face;Indican Pictures
Drama;2005;First Morning;Illuminare
Drama;2005;Postmen in the Mountains;Shadow
Drama;2005;Brooklyn Lobster;Meadowbrook
Drama;2005;Loggerheads;Strand Releasing
Drama;2005;Chrystal;First Look
Drama;2005;Forty Shades of Blue;Vitagraph Films
Drama;2005;The War Within;Magnolia Pictures
Drama;2005;The Ninth Day;Kino International
Drama;2005;Come Away Home;Freestyle Releasing
Drama;2005;Mrs. Palfrey at the Claremont;Jour de Fete
Drama;2005;Ah Fei Ching Chuen;Kino International
Drama;2005;Before the Fall;Box Office History for Picture This Entertainment
Drama;2005;Ma mère;TLA Releasing
Drama;2005;Notre Musique;WellSpring
Drama;2005;Veer-Zaara;Yash Raj Films
Drama;2005;The World;Zeitgeist
Drama;2005;Finding Home;Box Office History for Castle Hill Productions
Drama;2005;Deserted Station;First Run Features
Drama;2005;Schizo;Box Office History for Picture This Entertainment
Drama;2005;Juarez: Stages of Fear;
Drama;2005;Tahara;Indican Pictures
Drama;2005;The Bridge of San Luis Rey;Fine Line
Drama;2005;9 Songs;Tartan Films
Drama;2005;The Chumscrubber;Picturehouse
Drama;2005;Assisted Living;Economic Projections
Drama;2005;Swimming Upstream;MGM
Drama;2005;Tropical Malady;Strand Releasing
Drama;2005;The Tunnel;Avatar
Drama;2005;Raging Bull;United Artists
Drama;2005;Apaharan;Kria
Drama;2005;Shôjo;Indican Pictures
Drama;2005;Edvard Munch;Shadow
Drama;2005;My Mother's Smile;New Yorker
Drama;2005;On the Outs;Fader Films
Drama;2005;Red Lights;WellSpring
Drama;2005;Monsieur N.;Empire Pictures
Drama;2005;Guiana 1838;RBC Radio
Drama;2005;Brother to Brother;Wolfe Releasing
Drama;2005;Smile;Box Office History for Dark Forest Releasing
Drama;2005;Medurat Hashevet;Film Movement
Drama;2005;Going Shopping;Rainbow Releasing
Drama;2005;Keane;Magnolia Pictures
Drama;2005;Or (My Treasure);Kino International
Drama;2005;Eternal;Regent Releasing
Drama;2005;Garden State;Fox Searchlight
Drama;2005;The Libertine;Weinstein Co.
Drama;2005;Machuca;Box Office History for Menemsha Entertainment
Drama;2005;The Man Who Copied;TLA Releasing
Drama;2005;Rory O'Shea Was Here;Focus Features
Drama;2005;Down to the Bone;Laemmle/Zeller Film
Drama;2005;Le Clan;TLA Releasing
Drama;2005;Slutty Summer;Embrem Entertainment
Drama;2005;Dallas 362;ThinkFilm
Drama;2005;Trilogia I: To Livadi pou dakryzei;New Yorker
Drama;2005;Dear Wendy;WellSpring
Drama;2005;Untold Scandal;Kino International
Drama;2005;Mr. Ya Miss;Kria
Drama;2005;Milwaukee, Minnesota;Tartan Films
Drama;2005;The Great Water;Box Office History for Picture This Entertainment
Drama;2005;Un monde presque paisible;Empire Pictures
Drama;2005;Wild Side;WellSpring
Drama;2005;At Last;Box Office History for Panorama Entertainment
Drama;2005;Harry and Max;TLA Releasing
Drama;2005;Bomb the System;Palm Pictures
Drama;2005;Oyster Farmer;Cinema Guild
Drama;2005;La petite Lili;First Run Features
Drama;2005;The Intruder;WellSpring
Drama;2005;La femme de Gilles;Cinema Guild
Drama;2005;Fighting Tommy Riley;Freestyle Releasing
Drama;2005;Ethan Mao;Margin Films
Drama;2005;Private;Typecast Releasing
Drama;2005;A Talking Picture;Kino International
Drama;2005;Primo Amore;Strand Releasing
Drama;2005;Milk & Honey;WellSpring
Drama;2005;Living Life;FilmMates Partners
Drama;2005;Testosterone;Strand Releasing
Drama;2005;Apollo 13;Universal
Drama;2005;La face cachée de la lune;TLA Releasing
Drama;2005;Games of Love and Chance;New Yorker
Drama;2005;Sixteen Years of Alcohol;Tartan Films
Drama;2005;Goodbye Dragon Inn;WellSpring
Drama;2005;Buongiorno, notte;WellSpring
Drama;2005;Magdalena, The Unholy Saint;Unico Entertainment
Drama;2005;Daybreak;Newmarket Films
Drama;2005;Solitude;Indican Pictures
Drama;2005;A Silent Love;Atopia
Drama;2005;A Fond Kiss;Box Office History for Castle Hill Productions
Drama;2005;Emile;Box Office History for Castle Hill Productions
Drama;2005;Rosenstrasse;IDP Distribution
Drama;2005;Silent Waters;First Run Features
Drama;2005;Perlasca;Box Office History for Castle Hill Productions
Drama;2005;Sueño;Sony Pictures
Drama;2005;The Californians;Fabrication Films
Drama;2005;The Inheritance;Cinema Guild
Drama;2005;L.A. Twister;Indican Pictures
Drama;2005;The Painting;Box Office History for Castle Hill Productions
Drama;2005;Unveiled;Wolfe Releasing
Drama;2005;15;Box Office History for Picture This Entertainment
Drama;2005;Three Days of Rain;Rogue Arts
Drama;2005;Happy Here and Now;IFC Films
Drama;2005;The Rider Named Death;Kino International
Drama;2005;Nowhere Man;First Run Features
Drama;2005;The Overture;Kino International
Drama;2005;Steal Me;Cineville
Drama;2005;The Tracker;ArtMattan Films
Drama;2005;Twin Sisters;Miramax
Drama;2005;Das boot ist voll;Box Office History for Castle Hill Productions
Drama;2005;She’s One of Us;Box Office History for Leisure Time Features
Drama;2005;Distant;New Yorker
Drama;2005;Anatomie de l'enfer;Tartan Films
Drama;2005;The Brown Bunny;WellSpring
Drama;2006;The Departed;Warner Bros.
Drama;2006;The Pursuit of Happyness;Sony Pictures
Drama;2006;World Trade Center;Paramount Pictures
Drama;2006;Brokeback Mountain;Focus Features
Drama;2006;Step Up;Walt Disney
Drama;2006;Invincible;Walt Disney
Drama;2006;Charlotte's Web;Paramount Pictures
Drama;2006;The Lake House;Warner Bros.
Drama;2006;Rocky Balboa;MGM
Drama;2006;Glory Road;Walt Disney
Drama;2006;The Illusionist;Box Office History for Yari Film Group Releasing
Drama;2006;Gridiron Gang;Sony Pictures
Drama;2006;The Nativity Story;New Line
Drama;2006;The Good Shepherd;Universal
Drama;2006;Take the Lead;New Line
Drama;2006;Flags of Our Fathers;Paramount Pictures
Drama;2006;United 93;Universal
Drama;2006;Memoirs of a Geisha;Sony Pictures
Drama;2006;The Queen;Miramax
Drama;2006;Walk the Line;20th Century Fox
Drama;2006;We Are Marshall;Warner Bros.
Drama;2006;Huo Yuan Jia;Focus/Rogue Pictures
Drama;2006;Waist Deep;Focus/Rogue Pictures
Drama;2006;Flicka;20th Century Fox
Drama;2006;Babel;Paramount Vantage
Drama;2006;Akeelah and the Bee;Lionsgate
Drama;2006;Annapolis;Walt Disney
Drama;2006;Capote;Box Office History for Sony Pictures Classics
Drama;2006;Marie Antoinette;Sony Pictures
Drama;2006;Tristan & Isolde;20th Century Fox
Drama;2006;Hollywoodland;Focus Features
Drama;2006;One Night with the King;Box Office History for Rocky Mountain Pictures
Drama;2006;Flyboys;MGM
Drama;2006;The New World;New Line
Drama;2006;Freedomland;Sony Pictures
Drama;2006;End of the Spear;M Power Releasing
Drama;2006;Bobby;MGM
Drama;2006;Casanova;Walt Disney
Drama;2006;Facing the Giants;IDP/Goldwyn/Roadside
Drama;2006;The Fountain;Warner Bros.
Drama;2006;Transamerica;Weinstein Co.
Drama;2006;Good Night, and Good Luck;Warner Independent
Drama;2006;A Good Year;20th Century Fox
Drama;2006;All the King’s Men;Sony Pictures
Drama;2006;Crossover;Sony Pictures
Drama;2006;Water;Fox Searchlight
Drama;2006;The World's Fastest Indian;Magnolia Pictures
Drama;2006;The Libertine;Weinstein Co.
Drama;2006;Pride & Prejudice;Focus Features
Drama;2006;Goal! The Dream Begins;Walt Disney
Drama;2006;The Last King of Scotland;Fox Searchlight
Drama;2006;Kabhi Alvida Naa Kehna;Yash Raj Films
Drama;2006;Tsotsi;Miramax
Drama;2006;La mujer de mi hermano;Lionsgate
Drama;2006;Half Nelson;ThinkFilm
Drama;2006;The Lost City;Magnolia Pictures
Drama;2006;Little Children;New Line
Drama;2006;The Squid and the Whale;IDP/Goldwyn/Roadside
Drama;2006;Rang De Basanti;UTV Communications
Drama;2006;Fanaa;Yash Raj Films
Drama;2006;Brick;Focus/Rogue Pictures
Drama;2006;The Proposition;First Look
Drama;2006;Quinceanera;Box Office History for Sony Pictures Classics
Drama;2006;Mrs. Palfrey at the Claremont;Jour de Fete
Drama;2006;The Proposition;Polygram
Drama;2006;The White Countess;Box Office History for Sony Pictures Classics
Drama;2006;The Notorious Bettie Page;Picturehouse
Drama;2006;Omkara;Eros Entertainment
Drama;2006;Find Me Guilty;Freestyle Releasing
Drama;2006;Infamous;Warner Independent
Drama;2006;Peaceful Warrior;Universal
Drama;2006;Joyeux Noël;Box Office History for Sony Pictures Classics
Drama;2006;Fast Food Nation;Fox Searchlight
Drama;2006;Sweet Land;Libero, LLC
Drama;2006;Vers le sud;Railroad Square
Drama;2006;Guadalupe;Slowhand Cinema
Drama;2006;Factotum;IFC Films
Drama;2006;Ask the Dust;Paramount Pictures
Drama;2006;Sophie Scholl - Die letzten Tage;Zeitgeist
Drama;2006;The Work and the Glory III: A House Divided;Excel Entertainment
Drama;2006;L'armée des ombres;Rialto Pictures
Drama;2006;L'Enfant;Box Office History for Sony Pictures Classics
Drama;2006;Notes on a Scandal;Fox Searchlight
Drama;2006;Changing Times;Koch Lorber Films
Drama;2006;Casa de Areia;Box Office History for Sony Pictures Classics
Drama;2006;Death of a President;Newmarket Films
Drama;2006;A Guide to Recognizing Your Saints;First Look
Drama;2006;The Painted Veil;Warner Independent
Drama;2006;Umrao Jaan;AdLab Films
Drama;2006;The Good German;Warner Bros.
Drama;2006;Breakfast on Pluto;Box Office History for Sony Pictures Classics
Drama;2006;Don’t Come Knocking;Box Office History for Sony Pictures Classics
Drama;2006;The Second Chance;Sony Pictures
Drama;2006;Conversations with God;IDP/Goldwyn/Roadside
Drama;2006;Paradise Now;Warner Independent
Drama;2006;The Quiet;Box Office History for Sony Pictures Classics
Drama;2006;Shadowboxer;Freestyle Releasing
Drama;2006;Copying Beethoven;MGM
Drama;2006;Gabrielle;IFC Films
Drama;2006;The Road to Guantanamo;IDP/Goldwyn/Roadside
Drama;2006;Russian Dolls;IFC First Take
Drama;2006;Letters from Iwo Jima;Warner Bros.
Drama;2006;Sukob;ABS-CBN
Drama;2006;Taxi No. 9 2 11: Nau Do Gyarah;UTV Communications
Drama;2006;The Aryan Couple;Fame, Inc.
Drama;2006;The King;ThinkFilm
Drama;2006;Broken Bridges;Paramount Vantage
Drama;2006;Humko Deewana Kar Gaye;UTV Communications
Drama;2006;Qian li zou dan qi;Box Office History for Sony Pictures Classics
Drama;2006;Drawing Restraint 9;IFC Films
Drama;2006;Unidentified;Five & Two Pictures
Drama;2006;FUR: An Imaginary Portrait of Diane Arbus;Picturehouse
Drama;2006;A Good Woman;Lionsgate
Drama;2006;Shopgirl;Walt Disney
Drama;2006;Sherrybaby;IFC Films
Drama;2006;Fateless;ThinkFilm
Drama;2006;Jarhead;Universal
Drama;2006;On a Clear Day;Focus/Rogue Pictures
Drama;2006;Get Rich or Die Tryin';Paramount Pictures
Drama;2006;Inland Empire;518 Media
Drama;2006;Old Joy;Kino International
Drama;2006;Zui Hao De Shi Guang;IFC First Take
Drama;2006;The Great New Wonderful;Box Office History for First Independent Pictures
Drama;2006;Off the Black;ThinkFilm
Drama;2006;Bubble;Magnolia Pictures
Drama;2006;Kekexili;IDP/Goldwyn/Roadside
Drama;2006;Haven;Box Office History for Yari Film Group Releasing
Drama;2006;Clean;Palm Pictures
Drama;2006;Cidade Baixa;Palm Pictures
Drama;2006;Le petit lieutenant;Cinema Libre
Drama;2006;Nine Lives;Magnolia Pictures
Drama;2006;Come Early Morning;IDP/Goldwyn/Roadside
Drama;2006;Le temps qui reste;Strand Releasing
Drama;2006;Venus;Miramax
Drama;2006;Professione: reporter;Box Office History for Sony Pictures Classics
Drama;2006;The Work and the Glory: American Zion;Box Office History for Vineyard Distribution
Drama;2006;Winter Passing;Focus Features
Drama;2006;Look Both Ways;Kino International
Drama;2006;Red Doors;Emerging Pictures
Drama;2006;Twelve and Holding;IFC Films
Drama;2006;Sommersturm;Regent Releasing
Drama;2006;Somersault;Magnolia Pictures
Drama;2006;Being Cyrus;Eros Entertainment
Drama;2006;Ten Items or Less;ThinkFilm
Drama;2006;Lemming;Strand Releasing
Drama;2006;Moartea domnului Lazarescu;Tartan Films
Drama;2006;2 ou 3 choses que je sais d'elle;Rialto Pictures
Drama;2006;Manderlay;IFC Films
Drama;2006;Before the Fall;Box Office History for Picture This Entertainment
Drama;2006;Batalla en el cielo;Tartan Films
Drama;2006;Tideland;ThinkFilm
Drama;2006;Poster Boy;Regent Releasing
Drama;2006;North Country;Warner Bros.
Drama;2006;Flannel Pajamas;Gigantic Pictures
Drama;2006;Aurora Borealis;Regent Releasing
Drama;2006;D'Lucky Ones;ABS-CBN
Drama;2006;Perfume: The Story of a Murderer;Paramount Pictures
Drama;2006;10th & Wolf;ThinkFilm
Drama;2006;Brooklyn Lobster;Meadowbrook
Drama;2006;Ushpizin;Picturehouse
Drama;2006;La Petite Jérusalem;Kino International
Drama;2006;The Motel;Palm Pictures
Drama;2006;Iklimler;Zeitgeist
Drama;2006;In Her Shoes;20th Century Fox
Drama;2006;Miss Potter;MGM
Drama;2006;Candy;ThinkFilm
Drama;2006;Stoned;Screen Media Films
Drama;2006;Kakushi-ken: oni no tsume;Tartan Films
Drama;2006;Man Push Cart;Film Philos
Drama;2006;Swimmers;Skouras
Drama;2006;Loggerheads;Strand Releasing
Drama;2006;Loverboy;ThinkFilm
Drama;2006;Free Zone;New Yorker
Drama;2006;Bee Season;Fox Searchlight
Drama;2006;Nathalie...;Koch Lorber Films
Drama;2006;Standing Still;Freestyle Releasing
Drama;2006;Princesas;IFC First Take
Drama;2006;The Intruder;WellSpring
Drama;2006;The Heart is Deceitful Above All Things;Palm Pictures
Drama;2006;Jazireh ahani;Kino International
Drama;2006;Don’t Tell;Lionsgate
Drama;2006;Te doy mis ojos;New Yorker
Drama;2006;Odete;Strand Releasing
Drama;2006;Un año sin amor;Strand Releasing
Drama;2006;American Gun;IFC Films
Drama;2006;Shôjo;Indican Pictures
Drama;2006;Ambrose Bierce: Civil War Stories;Hannover House
Drama;2006;Little Fish;First Look
Drama;2006;La femme de Gilles;Cinema Guild
Drama;2006;The Keeper: The Legend of Omar Khayyam;Arrival Pictures
Drama;2006;Killer Diller;Freestyle Releasing
Drama;2006;El Perro;Cinema Tropical
Drama;2006;4;Box Office History for Leisure Time Features
Drama;2006;The Secret Life of Words;Strand Releasing
Drama;2006;The Piano Tuner of EarthQuakes;Zeitgeist
Drama;2006;Ondskan;Magnolia Pictures
Drama;2006;The Dying Gaul;Holedigger Studios
Drama;2006;Shem;HP Releasing
Drama;2006;The Architect;Magnolia Pictures
Drama;2006;Four Eyed Monsters;Four Eyed Monsters
Drama;2006;One Last Thing...;Magnolia Pictures
Drama;2006;London;IDP/Goldwyn/Roadside
Drama;2006;Automne;Truly Indie
Drama;2006;Aguirre: The Wrath of God;New Yorker
Drama;2006;Woman is the Future of Man;New Yorker
Drama;2006;Waltzing Anna;Kindred Media Group
Drama;2006;On the Outs;Fader Films
Drama;2006;The Conrad Boys;Newport Films
Drama;2006;Balzac et la petite tailleuse chinoise;Empire Pictures
Drama;2006;Opal Dream;Strand Releasing
Drama;2006;Christmas at Maxwell's;Laufer Films
Drama;2006;Pure;Indican Pictures
Drama;2006;Fall to Grace;Truly Indie
Drama;2006;Coastlines;IFC First Take
Drama;2006;Hurensohn;Box Office History for Picture This Entertainment
Drama;2006;Mendy - A Question of Faith;Andes Film Company
Drama;2006;Backstage;Strand Releasing
Drama;2006;We Go Way Back;Cyan
Drama;2006;Beyond Honor;Box Office History for International Film Circuit
Drama;2006;Sorry, Haters;IFC Films
Drama;2006;Down to the Bone;Laemmle/Zeller Film
Drama;2006;Private;Typecast Releasing
Drama;2006;Jailbait;Kindred Media Group
Drama;2006;Land of the Blind;Bauer Martinez
Drama;2006;Room;The 7th Floor
Drama;2006;50 Ways of Saying Fabulous;Olive Films
Drama;2006;Looking for Kitty;ThinkFilm
Drama;2006;La face cachée de la lune;TLA Releasing
Drama;2006;Trilogia I: To Livadi pou dakryzei;New Yorker
Drama;2006;White Rainbow;Box Office History for Rocky Mountain Pictures
Drama;2006;Psychopathia Sexualis;Kino International
Drama;2006;Going Under;Argot Pictures
Drama;2006;Dear Wendy;WellSpring
Drama;2006;Buongiorno, notte;WellSpring
Drama;2006;Unnatural and Accidental;Alliance Atlantis
Drama;2006;George Bush Goes to Heaven;HB Filmworks
Drama;2006;Agnes und seine Brüder;First Run Features
Drama;2006;Edvard Munch;Shadow
Drama;2006;Mouth to Mouth;Artistic License
Drama;2006;The Tenants;Alchemy
Drama;2006;Masai: The Rain Warriors;ArtMattan Films
Drama;2006;Mirage;Box Office History for Picture This Entertainment
Drama;2006;Therese;Luke Films
Drama;2006;The Trouble with Men and Women;IFC Films
Drama;2006;Tahara;Indican Pictures
Drama;2006;A New Day In Old Sana'a;Box Office History for Arab Film Distribution
Drama;2007;American Gangster;Universal
Drama;2007;Bridge to Terabithia;Walt Disney
Drama;2007;The Pursuit of Happyness;Sony Pictures
Drama;2007;Stomp the Yard;Sony Pictures
Drama;2007;This Christmas;Sony Pictures
Drama;2007;Michael Clayton;Warner Bros.
Drama;2007;Freedom Writers;Paramount Pictures
Drama;2007;Zodiac;Paramount Pictures
Drama;2007;August Rush;Warner Bros.
Drama;2007;Charlotte's Web;Paramount Pictures
Drama;2007;The Queen;Miramax
Drama;2007;The Good Shepherd;Universal
Drama;2007;Rocky Balboa;MGM
Drama;2007;The Great Debaters;Weinstein Co.
Drama;2007;Amazing Grace;Samuel Goldwyn Films
Drama;2007;Gone Baby Gone;Miramax
Drama;2007;Reign Over Me;Sony Pictures
Drama;2007;Atonement;Focus Features
Drama;2007;Georgia Rule;Universal
Drama;2007;Becoming Jane;Miramax
Drama;2007;We Are Marshall;Warner Bros.
Drama;2007;Into the Wild;Paramount Vantage
Drama;2007;Notes on a Scandal;Fox Searchlight
Drama;2007;Elizabeth: The Golden Age;Universal
Drama;2007;Alpha Dog;Universal
Drama;2007;Lions for Lambs;United Artists
Drama;2007;Babel;Paramount Vantage
Drama;2007;The Last King of Scotland;Fox Searchlight
Drama;2007;The Namesake;Fox Searchlight
Drama;2007;Letters from Iwo Jima;Warner Bros.
Drama;2007;Evening;Focus Features
Drama;2007;The Departed;Warner Bros.
Drama;2007;Das Leben der Anderen;Box Office History for Sony Pictures Classics
Drama;2007;The Astronaut Farmer;Warner Bros.
Drama;2007;La Môme;Picturehouse
Drama;2007;Once;Fox Searchlight
Drama;2007;Black Snake Moan;Paramount Vantage
Drama;2007;A Mighty Heart;Paramount Vantage
Drama;2007;Bella;Roadside Attractions
Drama;2007;The Painted Veil;Warner Independent
Drama;2007;El Cantante;Picturehouse
Drama;2007;Martian Child;New Line
Drama;2007;Pride;Lionsgate
Drama;2007;In the Valley of Elah;Warner Bros.
Drama;2007;Before the Devil Knows You're Dead;ThinkFilm
Drama;2007;The Kite Runner;Paramount Vantage
Drama;2007;Feel the Noise;Sony Pictures
Drama;2007;Lucky You;Warner Bros.
Drama;2007;Paris, je t'aime;First Look
Drama;2007;Love in the Time of Cholera;New Line
Drama;2007;The Lookout;Walt Disney
Drama;2007;Lust, Caution;Focus Features
Drama;2007;Away From Her;Lionsgate
Drama;2007;Talk to Me;Focus Features
Drama;2007;Om Shanti Om;Eros Entertainment
Drama;2007;The Jane Austen Book Club;Box Office History for Sony Pictures Classics
Drama;2007;Feast of Love;MGM
Drama;2007;The Ultimate Gift;Film Foundry
Drama;2007;I’m Not There;Weinstein Co.
Drama;2007;Things We Lost in the Fire;Paramount Pictures
Drama;2007;Venus;Miramax
Drama;2007;Resurrecting the Champ;Box Office History for Yari Film Group Releasing
Drama;2007;Little Children;New Line
Drama;2007;Miss Potter;MGM
Drama;2007;Gracie;Picturehouse
Drama;2007;Perfume: The Story of a Murderer;Paramount Pictures
Drama;2007;Guru;AdLab Films
Drama;2007;The Savages;Fox Searchlight
Drama;2007;The Wind That Shakes the Barley;IFC First Take
Drama;2007;Peaceful Warrior;Universal
Drama;2007;Margot at the Wedding;Paramount Vantage
Drama;2007;Factory Girl;MGM
Drama;2007;Year of the Dog;Paramount Vantage
Drama;2007;Efter brylluppet;IFC Films
Drama;2007;Le Scaphandre et le Papillon;Miramax
Drama;2007;Romeo et Juliette;Alliance Atlantis
Drama;2007;The Nativity Story;New Line
Drama;2007;The Final Season;Box Office History for Yari Film Group Releasing
Drama;2007;Chak De India;Yash Raj Films
Drama;2007;Taare Zameen Par;UTV Communications
Drama;2007;Silk;Picturehouse
Drama;2007;September Dawn;Box Office History for Black Diamond Pictures
Drama;2007;Nuovomondo;Miramax
Drama;2007;Goya's Ghosts;Samuel Goldwyn Films
Drama;2007;Breaking and Entering;Weinstein Co.
Drama;2007;Provoked: A True Story;Eros Entertainment
Drama;2007;Saawariya;Sony Pictures
Drama;2007;Inland Empire;518 Media
Drama;2007;The Good German;Warner Bros.
Drama;2007;Control;Weinstein Co.
Drama;2007;Sweet Land;Libero, LLC
Drama;2007;Lady Chatterley;Kino International
Drama;2007;Laaga Chunari Mein Daag;Yash Raj Films
Drama;2007;The Work and the Glory III: A House Divided;Excel Entertainment
Drama;2007;Journey from the Fall;Imaginasian
Drama;2007;Italianetz;Box Office History for Sony Pictures Classics
Drama;2007;Starting Out in the Evening;Roadside Attractions
Drama;2007;Brooklyn Rules;Lionsgate
Drama;2007;There Will Be Blood;Paramount Vantage
Drama;2007;Interview;Box Office History for Sony Pictures Classics
Drama;2007;Killer of Sheep;
Drama;2007;Jindabyne;Box Office History for Sony Pictures Classics
Drama;2007;The Last Sin Eater;20th Century Fox
Drama;2007;Introducing the Dwights;Warner Independent
Drama;2007;This is England;IFC Films
Drama;2007;Indigènes;Weinstein Co.
Drama;2007;Persepolis;Box Office History for Sony Pictures Classics
Drama;2007;Constellation;The Bigger Picture
Drama;2007;Shootout at Lokhandwala;Rainbow Releasing
Drama;2007;King of California;First Look
Drama;2007;Noëlle;Box Office History for Gener8xion Entertainment
Drama;2007;Gandhi, My Father;Eros Entertainment
Drama;2007;O Jerusalem;Samuel Goldwyn Films
Drama;2007;Brand Upon the Brain!;Vitagraph Films
Drama;2007;Surviving My Mother;
Drama;2007;Boy Culture;TLA Releasing
Drama;2007;Starter for Ten;Picturehouse
Drama;2007;First Snow;Box Office History for Yari Film Group Releasing
Drama;2007;Trade;Roadside Attractions
Drama;2007;The Fountain;Warner Bros.
Drama;2007;Believe in Me;IFC Films
Drama;2007;La Tourneuse de Pages;Tartan Films
Drama;2007;Milarepa;Walking Shadows
Drama;2007;Cama adentro;Film Sales Company
Drama;2007;Lonely Hearts;Alchemy
Drama;2007;Vitus;Box Office History for Sony Pictures Classics
Drama;2007;The Flying Scotsman;MGM
Drama;2007;Bobby;MGM
Drama;2007;La faute à Fidel;Koch Lorber Films
Drama;2007;Vanaja;Emerging Pictures
Drama;2007;Ha-Buah;Strand Releasing
Drama;2007;Red Road;Tartan Films
Drama;2007;Music Within;MGM
Drama;2007;Life in a... Metro;UTV Communications
Drama;2007;Becket;Paramount Pictures
Drama;2007;Memories of Tomorrow;Eleven Arts
Drama;2007;The Earrings of Madame De...;Janus Films
Drama;2007;Coeurs;IFC First Take
Drama;2007;Bamako;New Yorker
Drama;2007;Flicka;20th Century Fox
Drama;2007;Holly;Priority Films
Drama;2007;Facing the Giants;IDP/Goldwyn/Roadside
Drama;2007;Reservation Road;Focus Features
Drama;2007;Self Medicated;ThinkFilm
Drama;2007;The Illusionist;Box Office History for Yari Film Group Releasing
Drama;2007;Le petit lieutenant;Cinema Libre
Drama;2007;L'armée des ombres;Rialto Pictures
Drama;2007;Klimt;Outsider
Drama;2007;Fierce People;Lionsgate
Drama;2007;Old Joy;Kino International
Drama;2007;Nomad: The Warrior;Weinstein Co.
Drama;2007;Nishabd;Eros Entertainment
Drama;2007;Eye of the Dolphin;Monterey Media
Drama;2007;Pierrot le fou;Janus Films
Drama;2007;Iklimler;Zeitgeist
Drama;2007;Le ballon rouge;Janus Films
Drama;2007;Redacted;Magnolia Pictures
Drama;2007;Even Money;
Drama;2007;The Nines;
Drama;2007;Dans Paris;IFC First Take
Drama;2007;Nue propriété;New Yorker
Drama;2007;My Brother;Box Office History for Codeblack Entertainment
Drama;2007;Flannel Pajamas;Gigantic Pictures
Drama;2007;The Walker;ThinkFilm
Drama;2007;Strength and Honour;Slowhand Cinema
Drama;2007;December Boys;Aura Entertainment
Drama;2007;Home of the Brave;MGM
Drama;2007;Grbavica;Strand Releasing
Drama;2007;Beyond the Gates;IFC Films
Drama;2007;Moondance Alexander;The Bigger Picture
Drama;2007;Grace Is Gone;Weinstein Co.
Drama;2007;Fighting Words;Indican Pictures
Drama;2007;Canvas;Screen Media Films
Drama;2007;Black Friday;AdLab Films
Drama;2007;Local Color;Monterey Media
Drama;2007;Day Night Day Night;IFC Films
Drama;2007;The Hottest State;IFC Films
Drama;2007;2 ou 3 choses que je sais d'elle;Rialto Pictures
Drama;2007;A Good Year;20th Century Fox
Drama;2007;Snow Cake;Weinstein Co.
Drama;2007;Stephanie Daley;Regent Releasing
Drama;2007;Hattrick;UTV Communications
Drama;2007;In Between Days;Kino International
Drama;2007;Les anges exterminateurs;IFC First Take
Drama;2007;Xiang ri kui;New Yorker
Drama;2007;Honeydripper;Emerging Pictures
Drama;2007;Hannah Takes the Stairs;IFC First Take
Drama;2007;Rails & Ties;Warner Bros.
Drama;2007;Amu;Emerging Pictures
Drama;2007;The Last Hangman;IFC Films
Drama;2007;Fast Food Nation;Fox Searchlight
Drama;2007;Beed-e majnoon;New Yorker
Drama;2007;Flandres;Box Office History for International Film Circuit
Drama;2007;Karov La Bayit;IFC First Take
Drama;2007;The Tracey Fragments;
Drama;2007;Sommer '04;Cinema Guild
Drama;2007;Arranged;Film Movement
Drama;2007;Hei yan quan;Strand Releasing
Drama;2007;Undoing;Indican Pictures
Drama;2007;The Sensation of Sight;Monterey Media
Drama;2007;El Violin;Film Movement
Drama;2007;Sang sattawat;Strand Releasing
Drama;2007;Look;Captured Films
Drama;2007;Quiet City;600 West
Drama;2007;Shi gan;Box Office History for Lifesize Entertainment
Drama;2007;Laitakaupungin valot;Strand Releasing
Drama;2007;Les amitiés maléfiques;Strand Releasing
Drama;2007;The Piano Tuner of EarthQuakes;Zeitgeist
Drama;2007;O Céu de Suely;Strand Releasing
Drama;2007;Mala Noche;Janus Films
Drama;2007;Belle Toujours;New Yorker
Drama;2007;Wild Tigers I Have Known;IFC First Take
Drama;2007;Shotgun Stories;Box Office History for International Film Circuit
Drama;2007;Macbeth;Truly Indie
Drama;2007;Strajk - Die Heldin von Danzig;Laemmle/Zeller Film
Drama;2007;A dios momo;ArtMattan Films
Drama;2007;Summer in Berlin;D Street Releasing
Drama;2007;L'homme de sa vie;Strand Releasing
Drama;2007;Drama/Mex;IFC First Take
Drama;2007;Allegro;IFC Films
Drama;2007;El Método;Palm Pictures
Drama;2007;The Hawk is Dying;Strand Releasing
Drama;2007;Black Irish;Box Office History for Anywhere Road Entertainment
Drama;2007;Azuloscurocasinegro;Strand Releasing
Drama;2007;Backstage;Strand Releasing
Drama;2007;Opal Dream;Strand Releasing
Drama;2007;White Rainbow;Box Office History for Rocky Mountain Pictures
Drama;2007;Candy;ThinkFilm
Drama;2007;Masai: The Rain Warriors;ArtMattan Films
Drama;2007;Choking Man;Box Office History for International Film Circuit
Drama;2007;Race You to the Bottom;Regent Releasing
Drama;2007;Qian li zou dan qi;Box Office History for Sony Pictures Classics
Drama;2007;The Killing of John Lennon;IFC First Take
Drama;2007;My Brother's Wedding;Milestone
Drama;2007;Yuki Ni Negau Koto;Eleven Arts
Drama;2007;Daratt;ArtMattan Films
Drama;2007;Laura Smiles;Emerging Pictures
Drama;2007;The Secret Life of Words;Strand Releasing
Drama;2007;Badland;Box Office History for Arcangelo Entertainment
Drama;2007;Divine Intervention;Bullz Eye
Drama;2007;Out of the Blue;IFC Films
Drama;2007;Fallen;Kino International
Drama;2007;Sommersturm;Regent Releasing
Drama;2007;Intervention;Alliance Atlantis
Drama;2007;Oublier Cheyenne;Regent Releasing
Drama;2007;Guta-yubalja-deul;Imaginasian
Drama;2008;Twilight;Summit Entertainment
Drama;2008;The Curious Case of Benjamin Button;Paramount Pictures
Drama;2008;Seven Pounds;Sony Pictures
Drama;2008;Step Up 2 the Streets;Walt Disney
Drama;2008;Australia;20th Century Fox
Drama;2008;Nights in Rodanthe;Warner Bros.
Drama;2008;There Will Be Blood;Paramount Vantage
Drama;2008;The Secret Life of Bees;Fox Searchlight
Drama;2008;Fireproof;Samuel Goldwyn Films
Drama;2008;Atonement;Focus Features
Drama;2008;Nick and Norah's Infinite Playlist;Sony Pictures
Drama;2008;Slumdog Millionaire;Fox Searchlight
Drama;2008;The Other Boleyn Girl;Sony Pictures
Drama;2008;W.;Lionsgate
Drama;2008;Doubt;Miramax
Drama;2008;Kit Kittredge: An American Girl;Picturehouse
Drama;2008;Milk;Focus Features
Drama;2008;Pride and Glory;Warner Bros.
Drama;2008;The Duchess;Paramount Vantage
Drama;2008;La misma luna;Weinstein Co.
Drama;2008;Stop-Loss;Paramount Pictures
Drama;2008;Rachel Getting Married;Box Office History for Sony Pictures Classics
Drama;2008;Michael Clayton;Warner Bros.
Drama;2008;Gran Torino;Warner Bros.
Drama;2008;The Express;Universal
Drama;2008;The Kite Runner;Paramount Vantage
Drama;2008;The Boy in the Striped Pyjamas;Miramax
Drama;2008;The Great Debaters;Weinstein Co.
Drama;2008;Cadillac Records;Sony Pictures
Drama;2008;Miracle at St. Anna;Walt Disney
Drama;2008;How She Move;Paramount Vantage
Drama;2008;Brideshead Revisited;Miramax
Drama;2008;Frost/Nixon;Universal
Drama;2008;Mongol;Picturehouse
Drama;2008;Die Fälscher;Box Office History for Sony Pictures Classics
Drama;2008;The Savages;Fox Searchlight
Drama;2008;Le Scaphandre et le Papillon;Miramax
Drama;2008;Flash of Genius;Universal
Drama;2008;Passchendaele;Alliance Atlantis
Drama;2008;Persepolis;Box Office History for Sony Pictures Classics
Drama;2008;Bottle Shock;Freestyle Releasing
Drama;2008;Elegy;Samuel Goldwyn Films
Drama;2008;The Reader;Weinstein Co.
Drama;2008;Jodhaa Akbar;UTV Communications
Drama;2008;Synecdoche, New York;Box Office History for Sony Pictures Classics
Drama;2008;Il y a longtemps que je t'aime;
Drama;2008;Frozen River;Box Office History for Sony Pictures Classics
Drama;2008;The Fall;Roadside Attractions
Drama;2008;Rab Ne Bana Di Jodi;Yash Raj Films
Drama;2008;Roman de Gare;Samuel Goldwyn Films
Drama;2008;Talento de Barrio;
Drama;2008;Married Life;Box Office History for Sony Pictures Classics
Drama;2008;August Rush;Warner Bros.
Drama;2008;Revolutionary Road;Paramount Vantage
Drama;2008;Shoot on Sight;Box Office History for Aron Govil Productions
Drama;2008;The Wrestler;Fox Searchlight
Drama;2008;Into the Wild;Paramount Vantage
Drama;2008;Flawless;Magnolia Pictures
Drama;2008;4 luni, 3 saptamani si 2 zile;IFC Films
Drama;2008;Brick Lane;Box Office History for Sony Pictures Classics
Drama;2008;And When Did You Last See Your Father?;Box Office History for Sony Pictures Classics
Drama;2008;Before the Rains;Roadside Attractions
Drama;2008;The Children of Huang Shi;Box Office History for Sony Pictures Classics
Drama;2008;U Me Aur Hum;Eros Entertainment
Drama;2008;American Gangster;Universal
Drama;2008;Sarkar Raj;Eros Entertainment
Drama;2008;Un conte de Noël;IFC Films
Drama;2008;Cassandra's Dream;Weinstein Co.
Drama;2008;Emma Smith: My Story;Candlelight Media
Drama;2008;My Blueberry Nights;Weinstein Co.
Drama;2008;O Ano em Que Meus Pais Saíram de Férias;City Lights Pictures
Drama;2008;Une vieille maîtresse;IFC Films
Drama;2008;Auf der anderen Seite;Strand Releasing
Drama;2008;I’m Not There;Weinstein Co.
Drama;2008;Forever Strong;Crane Movie Company
Drama;2008;Un été sans point ni coup sûr;
Drama;2008;Fugitive Pieces;Samuel Goldwyn Films
Drama;2008;Un secret;Strand Releasing
Drama;2008;Reprise;Miramax
Drama;2008;Maman est chez le coiffeur;
Drama;2008;Bonneville;Senart/Scranton-Lacy
Drama;2008;Paranoid Park;IFC Films
Drama;2008;La Ligne Brisée;
Drama;2008;Le voyage du ballon rouge;IFC Films
Drama;2008;Bhoothnath;Eros Entertainment
Drama;2008;Savage Grace;IFC Films
Drama;2008;Before the Devil Knows You're Dead;ThinkFilm
Drama;2008;Bella;Roadside Attractions
Drama;2008;Snow Angels;Warner Independent
Drama;2008;Starting Out in the Evening;Roadside Attractions
Drama;2008;Towelhead;Warner Bros.
Drama;2008;La Rivière aux Castors;Alliance Atlantis
Drama;2008;Last Chance Harvey;Overture Films
Drama;2008;Jellyfish;Zeitgeist
Drama;2008;Tout est Parfait;Alliance Atlantis
Drama;2008;Thoda Pyaar Thoda Magic;Yash Raj Films
Drama;2008;Billy: The Early Years of Billy Graham;Box Office History for Rocky Mountain Pictures
Drama;2008;Cidade dos Homens;Miramax
Drama;2008;Life Before Her Eyes;Magnolia Pictures
Drama;2008;Ne touchez pas la hache;IFC Films
Drama;2008;Le fils de l'épicier;Film Movement
Drama;2008;The Lucky Ones;Lionsgate
Drama;2008;Mio Fratello è Figlio Unico;ThinkFilm
Drama;2008;Honeydripper;Emerging Pictures
Drama;2008;La Môme;Picturehouse
Drama;2008;Goal! 2: Living the Dream...;Walt Disney
Drama;2008;Battle in Seattle;ThinkFilm
Drama;2008;Che, Part 1: The Argentine;IFC Films
Drama;2008;La Graine et le Mulet;
Drama;2008;Hofshat Kaits;Kino International
Drama;2008;The Errand of Angels;Excel Entertainment
Drama;2008;Ben X;Film Movement
Drama;2008;Margot at the Wedding;Paramount Vantage
Drama;2008;In Search of a Midnight Kiss;IFC First Take
Drama;2008;Ce qu'il faut pour vivre;
Drama;2008;Sleepwalking;Overture Films
Drama;2008;Le ballon rouge;Janus Films
Drama;2008;Le Mépris;Rialto Pictures
Drama;2008;L'Année Dernière à Marienbad;Rialto Pictures
Drama;2008;Shelter;Regent Releasing
Drama;2008;Baghead;Box Office History for Sony Pictures Classics
Drama;2008;Hounddog;Empire Pictures
Drama;2008;Proud American;Lightsource
Drama;2008;Alexandra;Cinema Guild
Drama;2008;Chop Shop;Noruz Films
Drama;2008;Taare Zameen Par;UTV Communications
Drama;2008;Boy A;Weinstein Co.
Drama;2008;Wendy and Lucy;Box Office History for Oscilloscope Pictures
Drama;2008;Greetings from the Shore;Newstyle Releasing
Drama;2008;The Pool;Vitagraph Films
Drama;2008;Lola Montès;Rialto Pictures
Drama;2008;Bab'Aziz - The Prince Who Contemplated His Soul;Typecast Releasing
Drama;2008;Tuyade Hunshi;Music Box Films
Drama;2008;Little Chenier;Slowhand Cinema
Drama;2008;Ballast;IFC Films
Drama;2008;Plus tard;Kino International
Drama;2008;Me & You, Us, Forever;Five & Two Pictures
Drama;2008;Save Me;First Run Features
Drama;2008;Ping Pong Playa;IFC Films
Drama;2008;One Day You'll Understand;City Lights Pictures
Drama;2008;Naissance des pieuvres;Koch Lorber Films
Drama;2008;Les Témoins;Strand Releasing
Drama;2008;Love Comes Lately;Kino International
Drama;2008;A Thousand Years of Good Prayers;Magnolia Pictures
Drama;2008;Sanxia haoren;New Yorker
Drama;2008;The Stone Angel;Box Office History for Vivendi Entertainment
Drama;2008;August Evening;Maya Releasing
Drama;2008;Take Out;CAVU Releasing
Drama;2008;Yihe yuan;Palm Pictures
Drama;2008;A Casa de Alice;Vitagraph Films
Drama;2008;Deal;MGM
Drama;2008;Bushi no ichibun;Eleven Arts
Drama;2008;Mister Foe;Magnolia Pictures
Drama;2008;Lions for Lambs;United Artists
Drama;2008;What We Do Is Secret;
Drama;2008;Sodot Ha;Monterey Media
Drama;2008;Chapter 27;Vitagraph Films
Drama;2008;Holly;Priority Films
Drama;2008;Padre Nuestro;IFC Films
Drama;2008;El Violin;Film Movement
Drama;2008;XXY;Film Movement
Drama;2008;The Babysitters;Peace Arch Releasing
Drama;2008;Irina Palm;Strand Releasing
Drama;2008;All Roads Lead Home;Box Office History for Waldo West Productions
Drama;2008;Breakfast with Scot;Regent Releasing
Drama;2008;Lust, Caution;Focus Features
Drama;2008;How About You;Strand Releasing
Drama;2008;Jake's Corner;Emerging Pictures
Drama;2008;Shotgun Stories;Box Office History for International Film Circuit
Drama;2008;Dark Matter;Box Office History for First Independent/Dada Films
Drama;2008;Jannat;Box Office History for Shemaroo Entertainment
Drama;2008;Yella;Cinema Guild
Drama;2008;Good Dick;Box Office History for Present Pictures/Morning Knight
Drama;2008;Undoing;Indican Pictures
Drama;2008;The Air I Breathe;ThinkFilm
Drama;2008;Control;Weinstein Co.
Drama;2008;Avant que j'oublie;Strand Releasing
Drama;2008;L'Enfant sauvage;The Film Desk
Drama;2008;The Walker;ThinkFilm
Drama;2008;On Broadway;Picture Park
Drama;2008;The Elephant King;Unison Films
Drama;2008;InSearchOf;
Drama;2008;Maldeamores;Maya Releasing
Drama;2008;Garden Party;Roadside Attractions
Drama;2008;The World Unseen;Regent Releasing
Drama;2008;Holding Trevor;Regent Releasing
Drama;2008;Day Zero;First Look
Drama;2008;Huhwihaji anha;Regent Releasing
Drama;2008;Never Forever;Box Office History for Arts Alliance America
Drama;2008;Ripple Effect;Monterey Media
Drama;2008;Good;ThinkFilm
Drama;2008;Mumbai Meri Jaan;UTV Communications
Drama;2008;Grace Is Gone;Weinstein Co.
Drama;2008;Mang Shan;Kino International
Drama;2008;Eden;
Drama;2008;Lake City;Screen Media Films
Drama;2008;August;First Look
Drama;2008;J'entends plus la guitare;The Film Desk
Drama;2008;In the Valley of Elah;Warner Bros.
Drama;2008;The Tracey Fragments;
Drama;2008;Backseat;Truly Indie
Drama;2008;Vice;41 Inc.
Drama;2008;The Go-Getter;Peace Arch Releasing
Drama;2008;Quid Pro Quo;Magnolia Pictures
Drama;2008;Contre-Enquete;
Drama;2008;Gardens of the Night;City Lights Pictures
Drama;2008;Dark Streets;Samuel Goldwyn Films
Drama;2008;Ping Guo;New Yorker
Drama;2008;The Pleasure of Being Robbed;
Drama;2008;The Black Balloon;Box Office History for Icon Film Distribution
Drama;2008;Live Fast, Die Young;Riverrain
Drama;2008;A Good Day to be Black and Sexy;Magnolia Pictures
Drama;2008;Amexicano;Maya Releasing
Drama;2008;Vivre sa vie: Film en douze tableaux;Janus Films
Drama;2008;Otto; Or, Up with Dead People;Strand Releasing
Drama;2008;Vredens Dag;Janus Films
Drama;2008;Special;Box Office History for Revolver Entertainment
Drama;2008;It Always Rains on Sunday;Rialto Pictures
Drama;2008;Take;Box Office History for Liberation Entertainment
Drama;2008;The Sensation of Sight;Monterey Media
Drama;2008;Ek Vivaah... Aisa Nhi;Eros Entertainment
Drama;2008;It's a Free World...;IFC Films
Drama;2008;Bes Vakit;Atlantik Films
Drama;2008;Red Roses and Petrol;Box Office History for World Wide Motion Pictures
Drama;2008;The Restless;CJ Entertainment
Drama;2008;Choose Connor;Strand Releasing
Drama;2008;Fraulein;Film Movement
Drama;2008;Nights and Weekends;IFC Films
Drama;2008;The Amazing Truth About Queen Raquela;Regent Releasing
Drama;2008;Tre;Cinema Libre
Drama;2008;Romulus, My Father;Magnolia Pictures
Drama;2008;Beed-e majnoon;New Yorker
Drama;2008;Where God Left His Shoes;IFC Films
Drama;2008;Genghis Khan: To the Ends of the Earth and Sea;The Bigger Picture
Drama;2008;Death Defying Acts;Weinstein Co.
Drama;2008;Hunger;IFC Films
Drama;2008;Vivere;Regent Releasing
Drama;2008;Nothing But the Truth;Box Office History for Yari Film Group Releasing
Drama;2008;Das Haus der schlafenden Schönen;First Run Features
Drama;2008;Wonderful Town;Kino International
Drama;2008;Turn the River;Screen Media Films
Drama;2008;The Killing of John Lennon;IFC First Take
Drama;2008;Polar Opposites;Regent Releasing
Drama;2008;13 Months of Sunshine;
Drama;2008;La Leon;Music Box Films
Drama;2008;Flashbacks of a Fool;Box Office History for Anchor Bay Entertainment
Drama;2008;Oublier Cheyenne;Regent Releasing
Drama;2008;Disfigured;Cinema Libre
Drama;2008;White Rainbow;Box Office History for Rocky Mountain Pictures
Drama;2008;Rome & Jewel;Emerging Pictures
Drama;2008;Arranged;Film Movement
Drama;2008;Beautiful Boxer;Regent Releasing
Drama;2008;The Rise and Fall of Miss Thang;Lavender House Films
Drama;2009;The Twilight Saga: New Moon;Summit Entertainment
Drama;2009;The Blind Side;Warner Bros.
Drama;2009;Gran Torino;Warner Bros.
Drama;2009;Disney’s A Christmas Carol;Walt Disney
Drama;2009;Slumdog Millionaire;Fox Searchlight
Drama;2009;Public Enemies;Universal
Drama;2009;Hannah Montana: The Movie;Walt Disney
Drama;2009;The Time Traveler’s Wife;Warner Bros.
Drama;2009;My Sister’s Keeper;Warner Bros.
Drama;2009;The Curious Case of Benjamin Button;Paramount Pictures
Drama;2009;Up in the Air;Paramount Pictures
Drama;2009;Precious;Lionsgate
Drama;2009;Orphan;Warner Bros.
Drama;2009;Notorious;Fox Searchlight
Drama;2009;The Soloist;Paramount Pictures
Drama;2009;The Reader;Weinstein Co.
Drama;2009;Invictus;Warner Bros.
Drama;2009;Defiance;Paramount Vantage
Drama;2009;Brothers;Lionsgate
Drama;2009;The Wrestler;Fox Searchlight
Drama;2009;Love Happens;Universal
Drama;2009;Revolutionary Road;Paramount Vantage
Drama;2009;Twilight;Summit Entertainment
Drama;2009;Doubt;Miramax
Drama;2009;Milk;Focus Features
Drama;2009;Last Chance Harvey;Overture Films
Drama;2009;Amelia;Fox Searchlight
Drama;2009;The Hurt Locker;Summit Entertainment
Drama;2009;Frost/Nixon;Universal
Drama;2009;Not Easily Broken;Sony Pictures
Drama;2009;Seven Pounds;Sony Pictures
Drama;2009;Everybody's Fine;Miramax
Drama;2009;An Education;Box Office History for Sony Pictures Classics
Drama;2009;The Road;Weinstein Co.
Drama;2009;Coco avant Chanel;Box Office History for Sony Pictures Classics
Drama;2009;Crossing Over;Weinstein Co.
Drama;2009;Bright Star;Apparition
Drama;2009;Entre les murs;Box Office History for Sony Pictures Classics
Drama;2009;Two Lovers;Magnolia Pictures
Drama;2009;Australia;20th Century Fox
Drama;2009;Chéri;Miramax
Drama;2009;Rachel Getting Married;Box Office History for Sony Pictures Classics
Drama;2009;The Young Victoria;Apparition
Drama;2009;Adam;Fox Searchlight
Drama;2009;Is Anybody There?;Box Office History for Stony Island Entertainment
Drama;2009;A Single Man;Weinstein Co.
Drama;2009;L'heure d'été;IFC Films
Drama;2009;New York, I Love You;Box Office History for Vivendi Entertainment
Drama;2009;Che, Part 1: The Argentine;IFC Films
Drama;2009;Gomorra;IFC Films
Drama;2009;Dédé, à travers les brumes;TVA Films
Drama;2009;Okuribito;Regent Releasing
Drama;2009;Bad Lieutenant: Port of Call New Orleans;First Look
Drama;2009;Polytechnique;
Drama;2009;The Secrets of Jonathan Sperry;Five & Two Pictures
Drama;2009;Sugar;Box Office History for Sony Pictures Classics
Drama;2009;New York;Yash Raj Films
Drama;2009;Me and Orson Welles;Freestyle Releasing
Drama;2009;Cold Souls;Samuel Goldwyn Films
Drama;2009;Delhi 6;UTV Communications
Drama;2009;Goodbye Solo;Roadside Attractions
Drama;2009;Seraphine;Music Box Films
Drama;2009;Il y a longtemps que je t'aime;
Drama;2009;The Boys are Back;Miramax
Drama;2009;Wendy and Lucy;Box Office History for Oscilloscope Pictures
Drama;2009;The Great Buck Howard;Magnolia Pictures
Drama;2009;Crazy Heart;Fox Searchlight
Drama;2009;The Stoning of Soraya M.;Roadside Attractions
Drama;2009;The Messenger;Box Office History for Oscilloscope Pictures
Drama;2009;American Violet;Samuel Goldwyn Films
Drama;2009;From Mexico with Love;Roadside Attractions
Drama;2009;Tetro;American Zoetrope
Drama;2009;La Nana;Elephant Eye Films
Drama;2009;Little Ashes;Regent Releasing
Drama;2009;The Damned United;Box Office History for Sony Pictures Classics
Drama;2009;Lymelife;Screen Media Films
Drama;2009;Antichrist;IFC Films
Drama;2009;The Lovely Bones;Paramount Pictures
Drama;2009;Synecdoche, New York;Box Office History for Sony Pictures Classics
Drama;2009;Tokyo!;
Drama;2009;The Merry Gentleman;
Drama;2009;Le silence de Lorna;Box Office History for Sony Pictures Classics
Drama;2009;Adoration;Box Office History for Sony Pictures Classics
Drama;2009;Anonyma - Eine Frau in Berlin;Strand Releasing
Drama;2009;Tokyo Sonata;Regent Releasing
Drama;2009;Tera Mera Ki Rishta;Eros Entertainment
Drama;2009;The Private Lives of Pippa Lee;Screen Media Films
Drama;2009;The Secret Life of Bees;Fox Searchlight
Drama;2009;Il Divo;Music Box Films
Drama;2009;Frozen River;Box Office History for Sony Pictures Classics
Drama;2009;The Burning Plain;Magnolia Pictures
Drama;2009;Fireproof;Samuel Goldwyn Films
Drama;2009;The Boy in the Striped Pyjamas;Miramax
Drama;2009;Shrink;Roadside Attractions
Drama;2009;Still Walking;IFC Films
Drama;2009;Hunger;IFC Films
Drama;2009;The Other Man;Image Entertainment
Drama;2009;35 Rhums;Cinema Guild
Drama;2009;Fados;Zeitgeist
Drama;2009;War Eagle, Arkansas;Empire Pictures
Drama;2009;Katyn;Lorber Films
Drama;2009;Avaze gonjeshk ha;Regent Releasing
Drama;2009;Rolling;Indican Pictures
Drama;2009;Medicine for Melancholy;IFC Films
Drama;2009;Irene in Time;Rainbow Releasing
Drama;2009;Bronson;Magnolia Pictures
Drama;2009;Hanami;Strand Releasing
Drama;2009;La mujer sin cabeza;Strand Releasing
Drama;2009;Made in U.S.A.;Rialto Pictures
Drama;2009;The Little Traitor;Westchester Films
Drama;2009;Das Weisse Band: Eine deutsche Kindergeschichte;Box Office History for Sony Pictures Classics
Drama;2009;The Mysteries of Pittsburgh;Peace Arch Releasing
Drama;2009;Phoebe in Wonderland;ThinkFilm
Drama;2009;Disgrace;Paladin
Drama;2009;Rashomon;Janus Films
Drama;2009;Un conte de Noël;IFC Films
Drama;2009;Sodot Ha;Monterey Media
Drama;2009;Serbis;Regent Releasing
Drama;2009;Plus tard;Kino International
Drama;2009;Stellet licht;Pallisades Tartan
Drama;2009;Jerichow;Cinema Guild
Drama;2009;Human Condition Trilogy;Janus Films
Drama;2009;$9.99;Regent Releasing
Drama;2009;Trucker;Monterey Media
Drama;2009;Broken Hill;Audience Alliance
Drama;2009;Venkovsky ucitel;Film Movement
Drama;2009;Polițist, Adjectiv;
Drama;2009;Nights in Rodanthe;Warner Bros.
Drama;2009;That Evening Sun;Freestyle Releasing
Drama;2009;Owl and the Sparrow;Wave Releasing
Drama;2009;Kaerlighed Pa Film;Koch Lorber Films
Drama;2009;Solntse;Lorber Films
Drama;2009;Un secret;Strand Releasing
Drama;2009;One Day You'll Understand;City Lights Pictures
Drama;2009;How About You;Strand Releasing
Drama;2009;Mutluluk;First Run Features
Drama;2009;Uncertainty;IFC Films
Drama;2009;L'Enfant sauvage;The Film Desk
Drama;2009;Rab Ne Bana Di Jodi;Yash Raj Films
Drama;2009;Tony Manero;Lorber Films
Drama;2009;The Edge of Love;Image Entertainment
Drama;2009;The Loss of a Teardrop Diamond;Paladin
Drama;2009;Mancora;Maya Releasing
Drama;2009;Lola Montès;Rialto Pictures
Drama;2009;Ladri di biciclette;
Drama;2009;Call of the Wild 3D;Box Office History for Vivendi Entertainment
Drama;2009;An American Affair;Screen Media Films
Drama;2009;Léon Morin, prêtre;
Drama;2009;The Last Lullaby;
Drama;2009;The Open Road;Box Office History for Anchor Bay Entertainment
Drama;2009;Jeanne Dielman, 23 Quai du Commerce, 1080 Bruxelles;New Yorker
Drama;2009;Women in Trouble;Screen Media Films
Drama;2009;Between Love & Goodbye;Embrem Entertainment
Drama;2009;Hope & Redemption: The Lena Baker Story;Box Office History for American World Pictures
Drama;2009;Dare;Image Entertainment
Drama;2009;Good;ThinkFilm
Drama;2009;Passchendaele;Alliance Atlantis
Drama;2009;Local Color;Monterey Media
Drama;2009;Tennessee;Box Office History for Vivendi Entertainment
Drama;2009;Storm;Film Movement
Drama;2009;Five Minutes of Heaven;IFC Films
Drama;2009;Home;Monterey Media
Drama;2009;The Education of Charlie Banks;Box Office History for Anchor Bay Entertainment
Drama;2009;Kabei: Our Mother;Strand Releasing
Drama;2009;Tum Mile;Viva Entertainment
Drama;2009;Mississippi Mermaid;MGM
Drama;2009;La Ventana;Film Movement
Drama;2009;37º2 le matin;Cinema Libre
Drama;2009;Dev D;UTV Communications
Drama;2009;American Streetballers;MSK Productions
Drama;2009;Caos Calmo;IFC Films
Drama;2009;Home;Lorber Films
Drama;2009;Ischeznuvshaya Imperiya;Kino International
Drama;2009;Live Fast, Die Young;Riverrain
Drama;2009;Mammoth;IFC Films
Drama;2009;Dillinger is Dead;Janus Films
Drama;2009;Winter of Frozen Dreams;Monterey Media
Drama;2009;Yonkers Joe;Magnolia Pictures
Drama;2009;Endgame;Monterey Media
Drama;2009;Loren Cass;Kino International
Drama;2009;The New Year Parade;
Drama;2009;The Ministers;Maya Releasing
Drama;2009;Alexandra;Cinema Guild
Drama;2009;Eden;
Drama;2009;Afterschool;IFC Films
Drama;2009;Cadillac Records;Sony Pictures
Drama;2009;Gooby;Monterey Media
Drama;2009;Otto; Or, Up with Dead People;Strand Releasing
Drama;2009;Sandstorm;Self Distributed
Drama;2009;Breakfast with Scot;Regent Releasing
Drama;2009;Donne-moi la main;Strand Releasing
Drama;2009;The Village Barbershop;Monterey Media
Drama;2009;Ghosted;First Run Features
Drama;2009;Love Comes Lately;Kino International
Drama;2009;Das Haus der schlafenden Schönen;First Run Features
Drama;2009;Save Me;First Run Features
Drama;2009;Kings of the Evening;Indican Pictures
Drama;2009;El Tinte de la Fama;Cinevolve Studios
Drama;2009;J'entends plus la guitare;The Film Desk
Drama;2009;The Amazing Truth About Queen Raquela;Regent Releasing
Drama;2010;The Twilight Saga: Eclipse;Summit Entertainment
Drama;2010;The Social Network;Sony Pictures
Drama;2010;Eat Pray Love;Sony Pictures
Drama;2010;Dear John;Sony Pictures
Drama;2010;The Last Song;Walt Disney
Drama;2010;Why Did I Get Married Too?;Lionsgate
Drama;2010;Secretariat;Walt Disney
Drama;2010;Letters to Juliet;Summit Entertainment
Drama;2010;Wall Street 2: Money Never Sleeps;20th Century Fox
Drama;2010;The Blind Side;Warner Bros.
Drama;2010;The Fighter;Paramount Pictures
Drama;2010;The Lovely Bones;Paramount Pictures
Drama;2010;Step Up 3D;Walt Disney
Drama;2010;Up in the Air;Paramount Pictures
Drama;2010;Crazy Heart;Fox Searchlight
Drama;2010;For Colored Girls;Lionsgate
Drama;2010;Green Zone;Universal
Drama;2010;Hereafter;Warner Bros.
Drama;2010;Love and Other Drugs;20th Century Fox
Drama;2010;Charlie St. Cloud;Universal
Drama;2010;The King’s Speech;Weinstein Co.
Drama;2010;Remember Me;Summit Entertainment
Drama;2010;Extraordinary Measures;CBS Films
Drama;2010;127 Hours;Fox Searchlight
Drama;2010;Fair*Game;Summit Entertainment
Drama;2010;Get Low;Box Office History for Sony Pictures Classics
Drama;2010;The Twilight Saga: New Moon;Summit Entertainment
Drama;2010;The Young Victoria;Apparition
Drama;2010;A Single Man;Weinstein Co.
Drama;2010;Invictus;Warner Bros.
Drama;2010;Conviction;Fox Searchlight
Drama;2010;The Last Station;Box Office History for Sony Pictures Classics
Drama;2010;El secreto de sus ojos;Box Office History for Sony Pictures Classics
Drama;2010;Winter’s Bone;Roadside Attractions
Drama;2010;Orlando;Box Office History for Sony Pictures Classics
Drama;2010;Io sono l’amore;Magnolia Pictures
Drama;2010;Mao's Last Dancer;Samuel Goldwyn Films
Drama;2010;An Education;Box Office History for Sony Pictures Classics
Drama;2010;Solitary Man;Box Office History for Anchor Bay Entertainment
Drama;2010;The Hurt Locker;Summit Entertainment
Drama;2010;My Name is Khan;Fox Searchlight
Drama;2010;Precious;Lionsgate
Drama;2010;To Save a Life;Samuel Goldwyn Films
Drama;2010;The Runaways;Apparition
Drama;2010;You Will Meet a Tall Dark Stranger;Box Office History for Sony Pictures Classics
Drama;2010;Letters to God;Box Office History for Vivendi Entertainment
Drama;2010;Never Let Me Go;Fox Searchlight
Drama;2010;Das Weisse Band: Eine deutsche Kindergeschichte;Box Office History for Sony Pictures Classics
Drama;2010;Un Prophète;Box Office History for Sony Pictures Classics
Drama;2010;Lourdes;Pallisades Tartan
Drama;2010;Stone;Overture Films
Drama;2010;Coco Chanel and Igor Stravinsky;Box Office History for Sony Pictures Classics
Drama;2010;Cairo Time;IFC Films
Drama;2010;Nowhere Boy;Weinstein Co.
Drama;2010;The Road;Weinstein Co.
Drama;2010;Brothers;Lionsgate
Drama;2010;Mother and Child;Box Office History for Sony Pictures Classics
Drama;2010;The Perfect Game;Slowhand Cinema
Drama;2010;La Mission;Screen Media Films
Drama;2010;Guzaarish;UTV Communications
Drama;2010;Animal Kingdom;Box Office History for Sony Pictures Classics
Drama;2010;Les sept jours du talion;Alliance Vivafilm
Drama;2010;Princess Kaiulani;Roadside Attractions
Drama;2010;L'enfant prodige;
Drama;2010;What If...;Five & Two Pictures
Drama;2010;Peepli Live;UTV Communications
Drama;2010;North Face;Music Box Films
Drama;2010;Le Concert;Weinstein Co.
Drama;2010;We Are Family;UTV Communications
Drama;2010;Ajami;Kino International
Drama;2010;Agora;Newmarket Films
Drama;2010;Vincere;IFC Films
Drama;2010;Howl;Box Office History for Oscilloscope Pictures
Drama;2010;Madeo;Magnolia Pictures
Drama;2010;Ondine;Magnolia Pictures
Drama;2010;L'instinct de mort;Music Box Films
Drama;2010;Preacher's Kid;Box Office History for Gener8xion Entertainment
Drama;2010;Les amours imaginaires;
Drama;2010;The City of Your Final Destination;Hyde Park Films
Drama;2010;Made in Dagenham;Box Office History for Sony Pictures Classics
Drama;2010;The Messenger;Box Office History for Oscilloscope Pictures
Drama;2010;Rabbit Hole;Lionsgate
Drama;2010;Somewhere;Focus Features
Drama;2010;Break Ke Baad;Box Office History for Reliance Big Pictures
Drama;2010;Disney’s A Christmas Carol;Walt Disney
Drama;2010;Action Replayy;Viva Entertainment
Drama;2010;Fish Tank;IFC Films
Drama;2010;Lebanon;Box Office History for Sony Pictures Classics
Drama;2010;à bout de souffle;Box Office History for Films Around the World
Drama;2010;Like Dandelion Dust;Self Distributed
Drama;2010;Creation;Newmarket Films
Drama;2010;Enter the Void;IFC Films
Drama;2010;All Good Things;Magnolia Pictures
Drama;2010;Vision;Zeitgeist
Drama;2010;The Yellow Handkerchief;Samuel Goldwyn Films
Drama;2010;Holy Rollers;Box Office History for First Independent Pictures
Drama;2010;The Little Traitor;Westchester Films
Drama;2010;Blue Valentine;Weinstein Co.
Drama;2010;Bad Lieutenant: Port of Call New Orleans;First Look
Drama;2010;Me and Orson Welles;Freestyle Releasing
Drama;2010;White Material;IFC Films
Drama;2010;Monsters;Magnet Pictures
Drama;2010;That Evening Sun;Freestyle Releasing
Drama;2010;The Tempest;Miramax
Drama;2010;The Killer Inside Me;IFC Films
Drama;2010;La fille du RER;Strand Releasing
Drama;2010;Legendary;Samuel Goldwyn Films
Drama;2010;A Woman, a Gun and a Noodle Shop;Box Office History for Sony Pictures Classics
Drama;2010;The Secrets of Jonathan Sperry;Five & Two Pictures
Drama;2010;Partir;IFC Films
Drama;2010;Rann;Studio 18
Drama;2010;Another Year;Box Office History for Sony Pictures Classics
Drama;2010;71: Into the Fire;
Drama;2010;Welcome to the Rileys;Samuel Goldwyn Films
Drama;2010;Red Riding: The Year of Our Lord 1983;IFC Films
Drama;2010;My Dog Tulip;New Yorker
Drama;2010;Red Riding: The Year of Our Lord 1974;IFC Films
Drama;2010;Le père de mes enfants;IFC Films
Drama;2010;The Cremaster Cycle;Box Office History for International Film Circuit
Drama;2010;Love Ranch;
Drama;2010;Carlos;IFC Films
Drama;2010;Pure Country 2: The Gift;Warner Bros.
Drama;2010;Lovely, Still;Monterey Media
Drama;2010;Country Strong;Sony Pictures
Drama;2010;Valley of the Hearts Delight;Indican Pictures
Drama;2010;Queen of the Lot;Rainbow Releasing
Drama;2010;Coco avant Chanel;Box Office History for Sony Pictures Classics
Drama;2010;The Greatest;Paladin
Drama;2010;Touching Home;CFI
Drama;2010;Blood Done Sign My Name;Paladin
Drama;2010;Alle Anderen;Cinema Guild
Drama;2010;Kings of the Evening;Indican Pictures
Drama;2010;The Loss of a Teardrop Diamond;Paladin
Drama;2010;La Nana;Elephant Eye Films
Drama;2010;Kasi az Gorbehaye Irani Khabar Nadareh;
Drama;2010;The Private Lives of Pippa Lee;Screen Media Films
Drama;2010;Kynodontas;Kino International
Drama;2010;Le hérisson;
Drama;2010;La siciliana ribelle;Music Box Films
Drama;2010;Contracorriente;Box Office History for The Film Collaborative
Drama;2010;Alamar;Film Movement
Drama;2010;Amelia;Fox Searchlight
Drama;2010;Night Catches Us;Magnolia Pictures
Drama;2010;Le Amiche;The Film Desk
Drama;2010;The Harimaya Bridge;Eleven Arts
Drama;2010;35 Rhums;Cinema Guild
Drama;2010;Defendor;
Drama;2010;The Red Baron;Monterey Media
Drama;2010;La dernière fugue;
Drama;2010;44 Inch Chest;Image Entertainment
Drama;2010;Le Refuge;Strand Releasing
Drama;2010;Barbe Bleue;Strand Releasing
Drama;2010;Sauve qui peut (la vie);New Yorker
Drama;2010;Spoken Word;Variance Films
Drama;2010;Solntse;Lorber Films
Drama;2010;Rashomon;Janus Films
Drama;2010;Seraphine;Music Box Films
Drama;2010;The Exploding Girl;Box Office History for Oscilloscope Pictures
Drama;2010;Handsome Harry;Paladin
Drama;2010;Happy Tears;Roadside Attractions
Drama;2010;Hemingway's Garden of Eden;Roadside Attractions
Drama;2010;The Good Heart;Magnolia Pictures
Drama;2010;Prince of Broadway;Elephant Eye Films
Drama;2010;The Trial;
Drama;2010;La legge;
Drama;2010;Welcome;
Drama;2010;Jim;Area 23a
Drama;2010;The Dry Land;Freestyle Releasing
Drama;2010;Milh Hadha al-Bahr;Lorber Films
Drama;2010;Cherry;
Drama;2010;Children of Invention;Box Office History for The Kids Are Alright Productions/Variance Films
Drama;2010;The Damned United;Box Office History for Sony Pictures Classics
Drama;2010;Mississippi Mermaid;MGM
Drama;2010;Chun Feng Chen Zui De Ye Wan;Strand Releasing
Drama;2010;La Teta Asustada;Olive Films
Drama;2010;O Estranho Caso de Angélica;Cinema Guild
Drama;2010;The Taqwacores;Strand Releasing
Drama;2010;Wonderful World;Magnolia Pictures
Drama;2010;Broderskab;Olive Films
Drama;2010;Udaan;UTV Communications
Drama;2010;Happiness Runs;Strand Releasing
Drama;2010;Logan;Box Office History for Real Bean Entertainment
Drama;2010;Mercy;IFC Films
Drama;2010;The Last New Yorker;Brink Film
Drama;2010;Watercolors;Regent Releasing
Drama;2010;Storm;Film Movement
Drama;2010;Okuribito;Regent Releasing
Drama;2010;Sof Shavua B'Tel Aviv;Film Movement
Drama;2010;Home;Lorber Films
Drama;2010;Hadewijch;IFC Films
Drama;2010;Cosa Voglio Di Piu;Film Movement
Drama;2010;Polițist, Adjectiv;
Drama;2010;La mujer sin cabeza;Strand Releasing
Drama;2010;Just Say Love;Regent Releasing
Drama;2010;L'Enfant sauvage;The Film Desk
Drama;2010;Murder in Fashion;Regent Releasing
Drama;2010;Altiplano;First Run Features
Drama;2010;Mutluluk;First Run Features
Drama;2010;Eichmann;Regent Releasing
Drama;2010;Helena From the Wedding;Film Movement
Drama;2010;Daniel y Ana;Strand Releasing
Drama;2010;You Won’t Miss Me;Box Office History for Reel Diva Consultants
Drama;2010;Flickan;Olive Films
Drama;2010;The Temptation of St. Tony;Olive Films
Drama;2010;Carmo;First Run Features
Drama;2010;Endgame;Monterey Media
Drama;2010;Trucker;Monterey Media
Drama;2010;Shake Hands with the Devil;Regent Releasing
Drama;2010;$9.99;Regent Releasing
Drama;2010;Jeanne Dielman, 23 Quai du Commerce, 1080 Bruxelles;New Yorker
Drama;2010;Breakfast with Scot;Regent Releasing
Drama;2010;From Mexico with Love;Roadside Attractions
Drama;2011;The Twilight Saga: Breaking Dawn, Part 1;Summit Entertainment
Drama;2011;The Help;Walt Disney
Drama;2011;The King’s Speech;Weinstein Co.
Drama;2011;Moneyball;Sony Pictures
Drama;2011;Dolphin Tale;Warner Bros.
Drama;2011;Water for Elephants;20th Century Fox
Drama;2011;Footloose;Paramount Pictures
Drama;2011;The Fighter;Paramount Pictures
Drama;2011;We Bought a Zoo;20th Century Fox
Drama;2011;Soul Surfer;Sony Pictures
Drama;2011;The Ides of March;Sony Pictures
Drama;2011;War Horse;Walt Disney
Drama;2011;The Descendants;Fox Searchlight
Drama;2011;J. Edgar;Warner Bros.
Drama;2011;Courageous;Sony Pictures
Drama;2011;Beastly;CBS Films
Drama;2011;Country Strong;Sony Pictures
Drama;2011;One Day;Focus Features
Drama;2011;Warrior;Lionsgate
Drama;2011;The Tree of Life;Fox Searchlight
Drama;2011;The Rum Diary;FilmDistrict
Drama;2011;The Conspirator;Roadside Attractions
Drama;2011;Jane Eyre;Focus Features
Drama;2011;Win Win;Fox Searchlight
Drama;2011;Blue Valentine;Weinstein Co.
Drama;2011;My Week with Marilyn;Weinstein Co.
Drama;2011;127 Hours;Fox Searchlight
Drama;2011;Elle s'appelait Sarah;Weinstein Co.
Drama;2011;Barney's Version;Box Office History for Sony Pictures Classics
Drama;2011;Incendies;
Drama;2011;Beginners;Focus Features
Drama;2011;Margin Call;Roadside Attractions
Drama;2011;Biutiful;Roadside Attractions
Drama;2011;The Artist;Weinstein Co.
Drama;2011;Atlas Shrugged: Part 1;Box Office History for Rocky Mountain Pictures
Drama;2011;Anonymous;Sony Pictures
Drama;2011;The Company Men;Weinstein Co.
Drama;2011;Seven Days In Utopia;Visio Entertainment
Drama;2011;The Way;Box Office History for Producers Distribution Agency
Drama;2011;Des Hommes et Des Dieux;Box Office History for Sony Pictures Classics
Drama;2011;The Social Network;Sony Pictures
Drama;2011;Like Crazy;Paramount Pictures
Drama;2011;Another Year;Box Office History for Sony Pictures Classics
Drama;2011;Everything Must Go;Roadside Attractions
Drama;2011;The Grace Card;Samuel Goldwyn Films
Drama;2011;Shame;Fox Searchlight
Drama;2011;The Mighty Macs;Quaker Media
Drama;2011;Gerry;Films Seville
Drama;2011;Rabbit Hole;Lionsgate
Drama;2011;A Better Life;Summit Entertainment
Drama;2011;Take Shelter;Box Office History for Sony Pictures Classics
Drama;2011;A Dangerous Method;Box Office History for Sony Pictures Classics
Drama;2011;Cafe de flore;Alliance Atlantis
Drama;2011;Monsieur Lazhar;Films Seville
Drama;2011;Copie conforme;IFC Films
Drama;2011;The Devil's Double;Lionsgate
Drama;2011;Somewhere;Focus Features
Drama;2011;Snow Flower and the Secret Fan;Fox Searchlight
Drama;2011;Another Earth;Fox Searchlight
Drama;2011;Kill the Irishman;Box Office History for Anchor Bay Entertainment
Drama;2011;The Whistleblower;Samuel Goldwyn Films
Drama;2011;Love and Other Drugs;20th Century Fox
Drama;2011;There Be Dragons;Samuel Goldwyn Films
Drama;2011;Haevnen;Box Office History for Sony Pictures Classics
Drama;2011;Rockstar;Eros Entertainment
Drama;2011;Meek's Cutoff;Box Office History for Oscilloscope Pictures
Drama;2011;Higher Ground;Mongrel Media
Drama;2011;Le hérisson;
Drama;2011;Mausam;Eros Entertainment
Drama;2011;Nannerl la soeur de Mozart;Music Box Films
Drama;2011;Aarakshan;Box Office History for Reliance Big Pictures
Drama;2011;Secretariat;Walt Disney
Drama;2011;Patiala House;Tachyon
Drama;2011;Made in Dagenham;Box Office History for Sony Pictures Classics
Drama;2011;Dhobi Ghat;UTV Communications
Drama;2011;The Future;Roadside Attractions
Drama;2011;Dum Maaro Dum;Fox Searchlight
Drama;2011;Even the Rain;Vitagraph Films
Drama;2011;Winter in Wartime;Box Office History for Sony Pictures Classics
Drama;2011;Machine Gun Preacher;Relativity
Drama;2011;Bride Flight;Music Box Films
Drama;2011;Weekend;IFC Films
Drama;2011;Circumstance;Roadside Attractions
Drama;2011;No One Killed Jessica;UTV Communications
Drama;2011;Frisson des Collines;
Drama;2011;Fair*Game;Summit Entertainment
Drama;2011;The 5th Quarter;Box Office History for Rocky Mountain Pictures
Drama;2011;Hesher;Box Office History for Wrekin Hill Entertainment
Drama;2011;Miral;Weinstein Co.
Drama;2011;MOOZ-lum;Peace Film LLC
Drama;2011;Le Havre;Janus Films
Drama;2011;Shi;Kino International
Drama;2011;La princesse de Montpensier;IFC Films
Drama;2011;Extremely Loud and Incredibly Close;Warner Bros.
Drama;2011;Singham;Box Office History for Reliance Big Pictures
Drama;2011;The First Grader;Box Office History for National Geographic Entertainment
Drama;2011;Dharti;Viva Entertainment
Drama;2011;Winter’s Bone;Roadside Attractions
Drama;2011;Le Concert;Weinstein Co.
Drama;2011;The Mill and the Cross;Kino Lorber
Drama;2011;The Music Never Stopped;Roadside Attractions
Drama;2011;All Good Things;Magnolia Pictures
Drama;2011;Serge Gainsbourg vie heroique;Music Box Films
Drama;2011;Brighton Rock;IFC Films
Drama;2011;Bol;Eros Entertainment
Drama;2011;Loong Boonmee raleuk chat;Strand Releasing
Drama;2011;Amigo;Variance Films
Drama;2011;Go For It!;Lionsgate
Drama;2011;El gran milagro;KKM Enterprises
Drama;2011;Restless;Box Office History for Sony Pictures Classics
Drama;2011;Decisions;Self Distributed
Drama;2011;Le quattro volte;Lorber Films
Drama;2011;Jiàn Dǎng Wěi Yè;Box Office History for China Lion Film Distribution
Drama;2011;Gun Hill Road;Motion Film Group
Drama;2011;Xinhai geming;Variance Films
Drama;2011;Life, Above All;Box Office History for Sony Pictures Classics
Drama;2011;The Bang Bang Club;TriBeca Films
Drama;2011;Nanjing! Nanjing!;Kino International
Drama;2011;Trust;Alchemy
Drama;2011;Vision;Zeitgeist
Drama;2011;Last Night;TriBeca Films
Drama;2011;Young Goethe in Love;Music Box Films
Drama;2011;Tomboy;Rocket Releasing
Drama;2011;My Dog Tulip;New Yorker
Drama;2011;The Man Who Fell to Earth;Columbia
Drama;2011;Carancho;Strand Releasing
Drama;2011;Pariah;Focus Features
Drama;2011;Der Räuber;
Drama;2011;Beautiful Boy;Box Office History for Anchor Bay Entertainment
Drama;2011;The Tree;Zeitgeist
Drama;2011;Zhan Guo;Box Office History for China Lion Film Distribution
Drama;2011;Les amours imaginaires;
Drama;2011;Puncture;Alchemy
Drama;2011;Mei Li Ren Sheng;Box Office History for China Lion Film Distribution
Drama;2011;Snowmen;ARC Entertainment
Drama;2011;Get Low;Box Office History for Sony Pictures Classics
Drama;2011;The Human Resources Manager;Film Movement
Drama;2011;Queen of the Lot;Rainbow Releasing
Drama;2011;If A Tree Falls: The Story of the Earth Liberation Front;Box Office History for Oscilloscope Pictures
Drama;2011;Une vie qui commence;Alliance Vivafilm
Drama;2011;3;Strand Releasing
Drama;2011;Jodaeiye Nader az Simin;Box Office History for Sony Pictures Classics
Drama;2011;White Material;IFC Films
Drama;2011;Dirty Girl;Weinstein Co.
Drama;2011;For Colored Girls;Lionsgate
Drama;2011;Bronenosets Potyomkin;
Drama;2011;In The Land of Blood and Honey;FilmDistrict
Drama;2011;Putty Hill;Cinema Guild
Drama;2011;Lebanon, PA;Truly Indie
Drama;2011;What If...;Five & Two Pictures
Drama;2011;Margaret;Fox Searchlight
Drama;2011;Journal d'un curé de campagne;
Drama;2011;The Tempest;Miramax
Drama;2011;Every Day;Image Entertainment
Drama;2011;Rapt;Lorber Films
Drama;2011;Sykt lykkelig;Magnolia Pictures
Drama;2011;Contracorriente;Box Office History for The Film Collaborative
Drama;2011;Desert Flower;Box Office History for National Geographic Entertainment
Drama;2011;Down for Life;B.D. Fox Independent
Drama;2011;La conquête;Music Box Films
Drama;2011;The Myth of the American Sleepover;IFC Films
Drama;2011;Baiyin diguo;Box Office History for China Lion Film Distribution
Drama;2011;3 Backyards;Screen Media Films
Drama;2011;O Estranho Caso de Angélica;Cinema Guild
Drama;2011;Les Neiges du Kilimanjaro;Mongrel Media
Drama;2011;Le rayon vert;Orion Classics
Drama;2011;Sleeping Beauty;IFC Films
Drama;2011;Fireflies in the Garden;
Drama;2011;Kynodontas;Kino International
Drama;2011;Da Wu Sheng;Box Office History for China Lion Film Distribution
Drama;2011;Hereafter;Warner Bros.
Drama;2011;Film Socialisme;Lorber Films
Drama;2011;The Time That Remains;IFC Films
Drama;2011;White Irish Drinkers;IFC Films
Drama;2011;The Son of No One;Box Office History for Anchor Bay Entertainment
Drama;2011;Autoreiji;Magnolia Pictures
Drama;2011;Cracks;IFC Films
Drama;2011;Redemption Road;Freestyle Releasing
Drama;2011;Cost of a Soul;Relativity
Drama;2011;La belle endormie;Strand Releasing
Drama;2011;Marti, dupa craciun;Lorber Films
Drama;2011;Animal Kingdom;Box Office History for Sony Pictures Classics
Drama;2011;Howl;Box Office History for Oscilloscope Pictures
Drama;2011;Harvest;Monterey Media
Drama;2011;Vincent will Meer;Corinth Films
Drama;2011;Answers to Nothing;Roadside Attractions
Drama;2011;Monogamy;Box Office History for Oscilloscope Pictures
Drama;2011;Night Catches Us;Magnolia Pictures
Drama;2011;La mariée était en noir;Box Office History for Lopert Pictures Corporation
Drama;2011;The Genesis Code;Box Office History for America Saga Releasing
Drama;2011;Die Fremde;Olive Films
Drama;2011;Skateland;Freestyle Releasing
Drama;2011;L'apollonide - souvenirs de la maison close;IFC Films
Drama;2011;You Will Meet a Tall Dark Stranger;Box Office History for Sony Pictures Classics
Drama;2011;L'instinct de mort;Music Box Films
Drama;2011;5 Days of War;Box Office History for Anchor Bay Entertainment
Drama;2011;Littlerock;Variance Films
Drama;2011;The Little Traitor;Westchester Films
Drama;2011;The Last Ride;
Drama;2011;London Boulevard;IFC Films
Drama;2011;Tyrannosaur;Strand Releasing
Drama;2011;Sauve qui peut (la vie);New Yorker
Drama;2011;Bloodworth;Samuel Goldwyn Films
Drama;2011;Año Bisiesto;Strand Releasing
Drama;2011;Eu cand vreau sa fluier, fluier;Film Movement
Drama;2011;Partir;IFC Films
Drama;2011;The Cremaster Cycle;Box Office History for International Film Circuit
Drama;2011;Zero Bridge;The Film Desk
Drama;2011;Carlos;IFC Films
Drama;2011;Un homme qui crie;Film Movement
Drama;2011;Cook County;Hannover House
Drama;2011;Vito Bonafacci;CAVU Releasing
Drama;2011;The Ledge;IFC Films
Drama;2011;Another Happy Day;Phase 4 Films
Drama;2011;Sans queue ni tete;First Run Features
Drama;2011;Kak ya provyol etim letom;Film Movement
Drama;2011;Je suis heureux que ma mère soit vivante;Strand Releasing
Drama;2011;Korkoro;Lorber Films
Drama;2011;Ma part du gateau;IFC Films
Drama;2011;Scheherazade, Tell Me a Story;ArtMattan Films
Drama;2011;That's What I Am;Samuel Goldwyn Films
Drama;2011;I Melt with You;Magnolia Pictures
Drama;2011;Le Amiche;The Film Desk
Drama;2011;Alamar;Film Movement
Drama;2011;The Imperialists Are Still Alive!;IFC Films
Drama;2011;Aurora;Cinema Guild
Drama;2011;Schastye moe;Kino Lorber
Drama;2011;Tanner Hall;Box Office History for Anchor Bay Entertainment
Drama;2011;Cosa Voglio Di Piu;Film Movement
Drama;2011;Kyatapira;Lorber Films
Drama;2011;Ranchero;Indican Pictures
Drama;2011;Passion Play;Image Entertainment
Drama;2011;Mississippi Mermaid;MGM
Drama;2011;Prince of the Himalayas;Kino Lorber
Drama;2011;Jitsuroku rengo sekigun: Asama sanso e no michi;Lorber Films
Drama;2011;Main Street;Magnolia Pictures
Drama;2011;Medianeras;IFC Films
Drama;2011;The Taqwacores;Strand Releasing
Drama;2011;Now & Later;Cinema Libre
Drama;2011;La Pivellina;First Run Features
Drama;2011;An Invisible Sign;IFC Films
Drama;2011;Angels Crest;Magnolia Pictures
Drama;2011;Illégal;Film Movement
Drama;2012;The Twilight Saga: Breaking Dawn, Part 2;Lionsgate
Drama;2012;Lincoln;Walt Disney
Drama;2012;The Vow;Sony Pictures
Drama;2012;Flight;Paramount Pictures
Drama;2012;Life of Pi;20th Century Fox
Drama;2012;The Lucky One;Warner Bros.
Drama;2012;Titanic;Paramount Pictures
Drama;2012;The Odd Life of Timothy Green;Walt Disney
Drama;2012;Red Tails;20th Century Fox
Drama;2012;Moonrise Kingdom;Focus Features
Drama;2012;The Descendants;Fox Searchlight
Drama;2012;The Artist;Weinstein Co.
Drama;2012;War Horse;Walt Disney
Drama;2012;Lawless;Weinstein Co.
Drama;2012;Trouble with the Curve;Warner Bros.
Drama;2012;Step Up Revolution;Lionsgate
Drama;2012;Tyler Perry's Good Deeds;Lionsgate
Drama;2012;Silver Linings Playbook;Weinstein Co.
Drama;2012;Extremely Loud and Incredibly Close;Warner Bros.
Drama;2012;We Bought a Zoo;20th Century Fox
Drama;2012;The Iron Lady;Weinstein Co.
Drama;2012;Cloud Atlas;Warner Bros.
Drama;2012;Sparkle;Sony Pictures
Drama;2012;Big Miracle;Universal
Drama;2012;The Perks of Being a Wallflower;Lionsgate
Drama;2012;The Master;Weinstein Co.
Drama;2012;People Like Us;Walt Disney
Drama;2012;Anna Karenina;Focus Features
Drama;2012;The Words;CBS Films
Drama;2012;Beasts of the Southern Wild;Fox Searchlight
Drama;2012;Salmon Fishing in the Yemen;CBS Films
Drama;2012;Jodaeiye Nader az Simin;Box Office History for Sony Pictures Classics
Drama;2012;In Darkness;Box Office History for Sony Pictures Classics
Drama;2012;Chasing Mavericks;20th Century Fox
Drama;2012;The Twilight Saga: Breaking Dawn, Part 1;Summit Entertainment
Drama;2012;For Greater Glory: The True Story of Cristiada;ARC Entertainment
Drama;2012;My Week with Marilyn;Weinstein Co.
Drama;2012;The Sessions;Fox Searchlight
Drama;2012;Hitchcock;Fox Searchlight
Drama;2012;October Baby;Five & Two Pictures
Drama;2012;Won't Back Down;20th Century Fox
Drama;2012;Promised Land;Focus Features
Drama;2012;A Dangerous Method;Box Office History for Sony Pictures Classics
Drama;2012;The Impossible;Lionsgate
Drama;2012;Atlas Shrugged: Part II;Atlas Distribution
Drama;2012;Last Ounce of Courage;Box Office History for Rocky Mountain Pictures
Drama;2012;Robot & Frank;Samuel Goldwyn Films
Drama;2012;Hyde Park on Hudson;Focus Features
Drama;2012;Jab Tak Hai Jaan;Yash Raj Films
Drama;2012;Albert Nobbs;Roadside Attractions
Drama;2012;Talaash;Box Office History for Reliance Big Pictures
Drama;2012;Girl in Progress;Lionsgate
Drama;2012;Sleepwalk With Me;IFC Films
Drama;2012;Shame;Fox Searchlight
Drama;2012;He'arat Shulayim;Box Office History for Sony Pictures Classics
Drama;2012;English Vinglish;Eros Entertainment
Drama;2012;Crooked Arrows;Box Office History for Branded Entertainment
Drama;2012;Monsieur Lazhar;Films Seville
Drama;2012;We Need to Talk About Kevin;Box Office History for Oscilloscope Pictures
Drama;2012;Your Sister's Sister;IFC Films
Drama;2012;Le gamin au vélo;IFC Films
Drama;2012;A Late Quartet;Entertainment One
Drama;2012;Les adieux à la reine;Cohen Media Group
Drama;2012;Woman Thou Art Loosed On the 7th Day;Box Office History for Codeblack Entertainment
Drama;2012;Take This Waltz;Magnolia Pictures
Drama;2012;Le fils de l’autre;Cohen Media Group
Drama;2012;The Deep Blue Sea;Music Box Films
Drama;2012;Rampart;Alchemy
Drama;2012;Gwanghae, Wangyidoen namja;CJ Entertainment
Drama;2012;De rouille et d’os;Box Office History for Sony Pictures Classics
Drama;2012;Coriolanus;Weinstein Co.
Drama;2012;Unconditional;Box Office History for Veracity Moving Pictures
Drama;2012;Pariah;Focus Features
Drama;2012;En kongelig affære;Magnolia Pictures
Drama;2012;J. Edgar;Warner Bros.
Drama;2012;Moneyball;Sony Pictures
Drama;2012;Midnight's Children;Mongrel Media
Drama;2012;Heroine;UTV Communications
Drama;2012;W.E.;Weinstein Co.
Drama;2012;Holy Motors;Indomina Releasing
Drama;2012;Being Flynn;Focus Features
Drama;2012;Et maintenant, on va où?;Box Office History for Sony Pictures Classics
Drama;2012;Courageous;Sony Pictures
Drama;2012;Not Fade Away;Paramount Vantage
Drama;2012;La fille du puisatier;Kino Lorber
Drama;2012;Smashed;Box Office History for Sony Pictures Classics
Drama;2012;Bully;Lionsgate
Drama;2012;Neuk-dae-so-nyeon;CJ Entertainment
Drama;2012;Red Hook Summer;Box Office History for Variance/40 Acres & a Mule Filmworks
Drama;2012;Compliance;Magnolia Pictures
Drama;2012;Jin líng shí san chai;Box Office History for Wrekin Hill Entertainment
Drama;2012;Amour;Box Office History for Sony Pictures Classics
Drama;2012;Dolphin Tale;Warner Bros.
Drama;2012;The Way;Box Office History for Producers Distribution Agency
Drama;2012;Boy;Paladin
Drama;2012;In The Land of Blood and Honey;FilmDistrict
Drama;2012;Poulet aux prunes;Box Office History for Sony Pictures Classics
Drama;2012;Le Havre;Janus Films
Drama;2012;Keep the Lights On;Music Box Films
Drama;2012;Trishna;IFC Films
Drama;2012;Middle of Nowhere;AFFRM
Drama;2012;Yi jiu si er;Box Office History for China Lion Film Distribution
Drama;2012;The Help;Walt Disney
Drama;2012;Touchback;Box Office History for Anchor Bay Entertainment
Drama;2012;10 Years;Box Office History for Anchor Bay Entertainment
Drama;2012;Chico & Rita;GKIDS
Drama;2012;The Hunter;Magnolia Pictures
Drama;2012;Dark Horse;Brainstorm Media
Drama;2012;L'homme qui voulait vivre sa vie;MPI Media Group
Drama;2012;Elles;Kino Lorber
Drama;2012;Impardonnables;Mongrel Media
Drama;2012;Simon och ekarna;Film Arcade
Drama;2012;Kiseki;Magnolia Pictures
Drama;2012;Rundskop;Drafthouse Films
Drama;2012;The Ides of March;Sony Pictures
Drama;2012;The Lady;Cohen Media Group
Drama;2012;Footloose;Paramount Pictures
Drama;2012;The Loneliest Planet;IFC Films
Drama;2012;Any Day Now;Music Box Films
Drama;2012;Les bien-aimés;IFC Films
Drama;2012;The Forgiveness of Blood;IFC Films
Drama;2012;Bel Ami;Magnolia Pictures
Drama;2012;Cowgirls 'n Angels;Samuel Goldwyn Films
Drama;2012;Therese Desqueyroux;Mongrel Media
Drama;2012;Margin Call;Roadside Attractions
Drama;2012;Hello I Must Be Going;Box Office History for Oscilloscope Pictures
Drama;2012;Inch'Allah;Entertainment One
Drama;2012;The Magic of Belle Isle;Magnolia Pictures
Drama;2012;Wuthering Heights;Box Office History for Oscilloscope Pictures
Drama;2012;Oslo, 31 August;Strand Releasing
Drama;2012;Hardflip;Box Office History for Rocky Mountain Pictures
Drama;2012;The Eye of the Storm;Box Office History for Sycamore Entertainment Group Inc.
Drama;2012;Starlet;Music Box Films
Drama;2012;Ichimei;TriBeca Films
Drama;2012;La Grande Illusion;Rialto Pictures
Drama;2012;Detachment;TriBeca Films
Drama;2012;Mai wei;PMK*BNC
Drama;2012;The Snows of Kilimanjaro;
Drama;2012;Un amour de jeunesse;IFC Films
Drama;2012;Backwards;Dada Films
Drama;2012;The Bodyguard;Warner Bros.
Drama;2012;Young Goethe in Love;Music Box Films
Drama;2012;Take Shelter;Box Office History for Sony Pictures Classics
Drama;2012;Beyond the Black Rainbow;Mongrel Media
Drama;2012;A Beautiful Soul;Tyscot Manhaddon
Drama;2012;Karakara;Mongrel Media
Drama;2012;The Fitzgerald Family Christmas;TriBeca Films
Drama;2012;Deep In The Heart;ARC Entertainment
Drama;2012;The Mill and the Cross;Kino Lorber
Drama;2012;La guerre est déclarée;IFC Films
Drama;2012;Union Square;Dada Films
Drama;2012;Poupoupidou;First Run Features
Drama;2012;Attenberg;Strand Releasing
Drama;2012;Miss Bala;Mongrel Media
Drama;2012;Les Enfants du Paradis;
Drama;2012;Tomboy;Rocket Releasing
Drama;2012;La conquête;Music Box Films
Drama;2012;Roméo Onze;Box Office History for Metropole Films Distribution
Drama;2012;Musical Chairs;Paladin
Drama;2012;Noruwei no mori;Mongrel Media
Drama;2012;Hide Away;Joule Films
Drama;2012;Hermano;Music Box Films
Drama;2012;Kaerlighed Pa Film;Koch Lorber Films
Drama;2012;Least Among Saints;Brainstorm Media
Drama;2012;Mighty Fine;Adopt Films
Drama;2012;Here;Strand Releasing
Drama;2012;Nobody Walks;Magnolia Pictures
Drama;2012;Le diable probablement;The Film Desk
Drama;2012;Nannerl la soeur de Mozart;Music Box Films
Drama;2012;Like Crazy;Paramount Pictures
Drama;2012;Les hommes libres;Film Movement
Drama;2012;Toutes nos envies;
Drama;2012;The Long Day Closes;The Film Desk
Drama;2012;Noordzee, Texas;Strand Releasing
Drama;2012;Bonsai;Strand Releasing
Drama;2012;Présumé coupable;Mongrel Media
Drama;2012;Ranchero;Indican Pictures
Drama;2012;Sedona;Pasidg Productions
Drama;2012;28 Hotel Rooms;Box Office History for Oscilloscope Pictures
Drama;2012;Le Quai des brumes;
Drama;2012;4:44 Last Day on Earth;IFC Films
Drama;2012;Dangerous Liaisons;Well Go USA
Drama;2012;La mariée était en noir;Box Office History for Lopert Pictures Corporation
Drama;2012;Little Birds;Alchemy
Drama;2012;Return;Dada Films
Drama;2012;Alpeis;Kino Lorber
Drama;2012;Quill: The Life of a Guide Dog;Music Box Films
Drama;2012;Michael;Strand Releasing
Drama;2012;17 filles;Strand Releasing
Drama;2012;30 Beats;Roadside Attractions
Drama;2012;Tristana;
Drama;2012;Autoreiji;Magnolia Pictures
Drama;2012;Les Neiges du Kilimanjaro;Mongrel Media
Drama;2012;Jesus Henry Christ;Entertainment One
Drama;2012;Sedmikrásky;Janus Films
Drama;2012;How Much Does Your Building Weigh Mr. Foster?;First Run Features
Drama;2012;California Solo;Strand Releasing
Drama;2012;Nous ne viellirons pas ensemble;The Film Desk
Drama;2012;For Ellen;TriBeca Films
Drama;2012;Hamnden;Music Box Films
Drama;2012;Santa Mesa;Indican Pictures
Drama;2012;Da-reun na-ra-e-suh;Kino Lorber
Drama;2012;Virginia;Entertainment One
Drama;2012;Post Mortem;Kino Lorber
Drama;2012;Around June;Indican Pictures
Drama;2012;Cartas a Elena;Freestyle Releasing
Drama;2012;Cook County;Hannover House
Drama;2012;Roadie;Magnolia Pictures
Drama;2012;Nothing But a Man;Cinema V
Drama;2012;Domaine;Strand Releasing
Drama;2012;In Our Nature;Cinedigm
Drama;2012;Tyrannosaur;Strand Releasing
Drama;2012;Prince of the Himalayas;Kino Lorber
Drama;2012;Crazy Eyes;Strand Releasing
Drama;2012;The Last Ride;
Drama;2012;Joven y alocada;IFC Films
Drama;2012;The Good Doctor;Magnolia Pictures
Drama;2012;Bringing Up Bobby;Monterey Media
Drama;2012;Atmen;Kino Lorber
Drama;2012;Kongen av Bastøy;Kino Lorber
Drama;2012;Amigo;Variance Films
Drama;2012;Downtown Express;
Drama;2012;Le rayon vert;Orion Classics
Drama;2012;Cirkus Columbia;Strand Releasing
Drama;2012;About Cherry;IFC Films
Drama;2012;Serge Gainsbourg vie heroique;Music Box Films
Drama;2012;Perfect Sense;IFC Films
Drama;2012;Jack and Diane;Magnolia Pictures
Drama;2012;Schastye moe;Kino Lorber
Drama;2012;Bronenosets Potyomkin;
Drama;2012;Citizen Gangster;IFC Films
Drama;2012;Death of a Superhero;TriBeca Films
Drama;2012;Meeting Evil;Magnet Pictures
Drama;2013;The Great Gatsby;Warner Bros.
Drama;2013;Lee Daniels' The Butler;Weinstein Co.
Drama;2013;Captain Phillips;Sony Pictures
Drama;2013;Silver Linings Playbook;Weinstein Co.
Drama;2013;42;Warner Bros.
Drama;2013;Safe Haven;Relativity
Drama;2013;Saving Mr. Banks;Walt Disney
Drama;2013;Tyler Perry’s Temptation;Lionsgate
Drama;2013;12 Years a Slave;Fox Searchlight
Drama;2013;Lincoln;Walt Disney
Drama;2013;Life of Pi;20th Century Fox
Drama;2013;Rush;Universal
Drama;2013;Mud;Roadside Attractions
Drama;2013;The Place Beyond the Pines;Focus Features
Drama;2013;Philomena;Weinstein Co.
Drama;2013;Beautiful Creatures;Warner Bros.
Drama;2013;The Book Thief;20th Century Fox
Drama;2013;Dallas Buyers Club;Focus Features
Drama;2013;Jobs;Open Road
Drama;2013;Fruitvale Station;Weinstein Co.
Drama;2013;The Impossible;Lionsgate
Drama;2013;Out of the Furnace;Relativity
Drama;2013;Battle of the Year;Sony Pictures
Drama;2013;Before Midnight;Box Office History for Sony Pictures Classics
Drama;2013;Inside Llewyn Davis;CBS Films
Drama;2013;Mandela: Long Walk to Freedom;Weinstein Co.
Drama;2013;Nebraska;Paramount Pictures
Drama;2013;The Spectacular Now;A24
Drama;2013;Yi dai zong shi;Weinstein Co.
Drama;2013;Amour;Box Office History for Sony Pictures Classics
Drama;2013;The Bling Ring;A24
Drama;2013;Emperor;Roadside Attractions
Drama;2013;Promised Land;Focus Features
Drama;2013;The Twilight Saga: Breaking Dawn, Part 2;Lionsgate
Drama;2013;Hyde Park on Hudson;Focus Features
Drama;2013;Home Run;Samuel Goldwyn Films
Drama;2013;Filly Brown;Lionsgate
Drama;2013;Grace Unplugged;Roadside Attractions
Drama;2013;La Vie d'Adèle – Chapitres 1 & 2;Mongrel Media
Drama;2013;I'm in Love with a Church Girl;High Top Releasing
Drama;2013;No;Box Office History for Sony Pictures Classics
Drama;2013;Renoir;Samuel Goldwyn Films
Drama;2013;The East;Fox Searchlight
Drama;2013;The Iceman;Alchemy
Drama;2013;Lemale et ha'halal;Box Office History for Sony Pictures Classics
Drama;2013;Stoker;Fox Searchlight
Drama;2013;Bhaag Milkha Bhaag;Box Office History for Reliance Big Pictures
Drama;2013;L’attentat;Cohen Media Group
Drama;2013;Bless Me, Ultima;Arenas Entertainment
Drama;2013;Beasts of the Southern Wild;Fox Searchlight
Drama;2013;Kon-Tiki;Weinstein Co.
Drama;2013;Disconnect;LD Entertainment
Drama;2013;Wadjda;Box Office History for Sony Pictures Classics
Drama;2013;The Ultimate Life;High Top Releasing
Drama;2013;Flight;Paramount Pictures
Drama;2013;Anna Karenina;Focus Features
Drama;2013;De rouille et d’os;Box Office History for Sony Pictures Classics
Drama;2013;Romeo & Juliet;Relativity
Drama;2013;Still Mine;Mongrel Media
Drama;2013;Kai Po Che;UTV Communications
Drama;2013;Special Chabbis;Viva Entertainment
Drama;2013;What Maisie Knew;Alchemy
Drama;2013;Ginger & Rosa;A24
Drama;2013;Short Term 12;Cinedigm
Drama;2013;Kokuriko-zaka Kara;GKIDS
Drama;2013;Lore;Music Box Films
Drama;2013;La grande bellezza;Janus Films
Drama;2013;En kongelig affære;Magnolia Pictures
Drama;2013;Kill Your Darlings;Box Office History for Sony Pictures Classics
Drama;2013;Raanjhanaa;Eros Entertainment
Drama;2013;Satyagraha;UTV Communications
Drama;2013;On the Road;IFC Films
Drama;2013;Hannah Arendt;Zeitgeist
Drama;2013;Jagten;Mongrel Media
Drama;2013;Parkland;Exclusive Releasing
Drama;2013;Fanny;Mongrel Media
Drama;2013;To the Wonder;Magnolia Pictures
Drama;2013;The Reluctant Fundamentalist;IFC Films
Drama;2013;Museum Hours;Cinema Guild
Drama;2013;Hitchcock;Fox Searchlight
Drama;2013;The Inevitable Defeat of Mister and Pete;Box Office History for Codeblack Entertainment
Drama;2013;Gwansang;Box Office History for Pan Media & Entertainment
Drama;2013;Upstream Color;erbp Film
Drama;2013;Ain't Them Bodies Saints;IFC Films
Drama;2013;Dans la maison;Cohen Media Group
Drama;2013;At Any Price;Box Office History for Sony Pictures Classics
Drama;2013;The Sessions;Fox Searchlight
Drama;2013;Inch'Allah;Entertainment One
Drama;2013;Lovelace;Radius
Drama;2013;Drinking Buddies;Magnolia Pictures
Drama;2013;Diana;Entertainment One
Drama;2013;Camp;
Drama;2013;Not Today;Freestyle Releasing
Drama;2013;Adore;Exclusive Releasing
Drama;2013;The Master;Weinstein Co.
Drama;2013;Rebelle;TriBeca Films
Drama;2013;The Perks of Being a Wallflower;Lionsgate
Drama;2013;Great Expectations;Main Street
Drama;2013;Midnight's Children;Mongrel Media
Drama;2013;Blancanieves;Cohen Media Group
Drama;2013;Like Someone in Love;IFC Films
Drama;2013;Arthur Newman;Cinedigm
Drama;2013;Cloud Atlas;Warner Bros.
Drama;2013;A Late Quartet;Entertainment One
Drama;2013;Tu seras mon fils;Cohen Media Group
Drama;2013;Not Fade Away;Paramount Vantage
Drama;2013;Escape from Tomorrow;Box Office History for Producers Distribution Agency
Drama;2013;Copperhead;Brainstorm Media
Drama;2013;Le passé;Box Office History for Sony Pictures Classics
Drama;2013;Mother of George;Box Office History for Oscilloscope Pictures
Drama;2013;LUV;Indomina Releasing
Drama;2013;Snake and Mongoose;Box Office History for Rocky Mountain Pictures
Drama;2013;Dupa dealuri;IFC Films
Drama;2013;The Invisible Woman;Box Office History for Sony Pictures Classics
Drama;2013;Ha-Sippur Shel Yossi;Strand Releasing
Drama;2013;Therese Desqueyroux;Mongrel Media
Drama;2013;Augustine;Music Box Films
Drama;2013;Tian zhu ding;Kino Lorber
Drama;2013;The Broken Circle Breakdown;TriBeca Films
Drama;2013;Gimme the Loot;IFC Films
Drama;2013;The Investigator;Box Office History for Gabriel's Messenger Films
Drama;2013;Blue Caprice;IFC Films
Drama;2013;Marius;Mongrel Media
Drama;2013;Les beaux jours;
Drama;2013;Holy Motors;Indomina Releasing
Drama;2013;Una Noche;IFC Films
Drama;2013;Après Mai;IFC Films
Drama;2013;El artista y la modelo;Cohen Media Group
Drama;2013;Any Day Now;Music Box Films
Drama;2013;An Oversimplification of Her Beauty;Variance Films
Drama;2013;Seasons of Gray;Echolight Studios
Drama;2013;Violette;Mongrel Media
Drama;2013;Winnie Mandela;Image Entertainment
Drama;2013;How I Live Now;Magnolia Pictures
Drama;2013;Elle s'en va;
Drama;2013;Leonie;Monterey Media
Drama;2013;My Brother the Devil;Paladin/108 Media
Drama;2013;The We and the I;Paladin/108 Media
Drama;2013;Wish You Were Here;Entertainment One
Drama;2013;Post Tenebras Lux;Strand Releasing
Drama;2013;Die Wand;Music Box Films
Drama;2013;Concussion;Radius
Drama;2013;Russkiy kovcheg;WellSpring
Drama;2013;Savannah;Box Office History for Ketchup Entertainment
Drama;2013;Touchy Feely;Magnolia Pictures
Drama;2013;M;Kino Lorber
Drama;2013;The Girl;Brainstorm Media
Drama;2013;Underdogs;Freestyle Releasing
Drama;2013;Les 4 soldats;
Drama;2013;The Power of Few;Steelyard Pictures
Drama;2013;Camille Claudel: 1915;Kino Lorber
Drama;2013;Tiger Eyes;Freestyle Releasing
Drama;2013;Little Fugitive;
Drama;2013;Chasing Mavericks;20th Century Fox
Drama;2013;Le Petit Soldat;
Drama;2013;The Citizen;Monterey Media
Drama;2013;Paradies: Liebe;Strand Releasing
Drama;2013;A perdre la raison;Distrib Films
Drama;2013;Le Capital;Cohen Media Group
Drama;2013;Hangul;Drafthouse Films
Drama;2013;Le fils de l’autre;Cohen Media Group
Drama;2013;Violeta se fue a los cielos;Kino Lorber
Drama;2013;Viola;Cinema Guild
Drama;2013;Hunky Dory;Variance Films
Drama;2013;Vous n'avez encore rien vu;Kino Lorber
Drama;2013;Robot & Frank;Samuel Goldwyn Films
Drama;2013;Gwanghae, Wangyidoen namja;CJ Entertainment
Drama;2013;I Used to Be Darker;Strand Releasing
Drama;2013;Torn;The Film Collective
Drama;2013;Love and Honor;IFC Films
Drama;2013;The Look of Love;IFC Films
Drama;2013;The Pardon;Self Distributed
Drama;2013;As I Lay Dying;Alchemy
Drama;2013;I Declare War;Drafthouse Films
Drama;2013;Jayne Mansfield's Car;Box Office History for Anchor Bay Entertainment
Drama;2013;Kiss of the Damned;Magnolia Pictures
Drama;2013;Da-reun na-ra-e-suh;Kino Lorber
Drama;2013;A Green Story;Indican Pictures
Drama;2013;My Son;FlyRock Media
Drama;2013;The Painting;Box Office History for Castle Hill Productions
Drama;2013;Greetings from Tim Buckley;TriBeca Films
Drama;2013;Diego Star;Mongrel Media
Drama;2013;The Selfish Giant;IFC Films
Drama;2013;Il Futuro;Strand Releasing
Drama;2013;Empire of Dirt;
Drama;2013;The End of Love;Variance Films
Drama;2013;Wo 11;First Run Features
Drama;2013;The Odd Life of Timothy Green;Walt Disney
Drama;2013;Elefante blanco;Strand Releasing
Drama;2013;La pirogue;ArtMattan Films
Drama;2013;Hello Herman;Freestyle Releasing
Drama;2013;A Teacher;Box Office History for Oscilloscope Pictures
Drama;2013;Le Mépris;Rialto Pictures
Drama;2013;Sal;TriBeca Films
Drama;2013;Down the Shore;Box Office History for Anchor Bay Entertainment
Drama;2013;Some Velvet Morning;TriBeca Films
Drama;2013;Le Amiche;The Film Desk
Drama;2013;Welcome to Pine Hill;Box Office History for Oscilloscope Pictures
Drama;2013;Rangrezz;UTV Communications
Drama;2013;The Playroom;Freestyle Releasing
Drama;2013;Manic;
Drama;2013;Nothing But a Man;Cinema V
Drama;2013;Noordzee, Texas;Strand Releasing
Drama;2013;Five Dances;Paladin
Drama;2013;Starlet;Music Box Films
Drama;2013;Northern Lights;
Drama;2013;The Time Being;TriBeca Films
Drama;2013;Big Sur;Box Office History for Ketchup Entertainment
Drama;2013;Paradies: Glaube;Strand Releasing
Drama;2013;Le Quai des brumes;
Drama;2013;Neuk-dae-so-nyeon;CJ Entertainment
Drama;2013;Morning;Box Office History for Anchor Bay Entertainment
Drama;2013;Things Never Said;Ohio Street Pictures
Drama;2013;Mr. Nobody;Magnolia Pictures
Drama;2013;Das Lied in mir;Mongrel Media
Drama;2013;Cornouaille;Mongrel Media
Drama;2013;La migiliore offerta;IFC Films
Drama;2013;Implanted;Walking Shadows
Drama;2013;California Solo;Strand Releasing
Drama;2013;Le rayon vert;Orion Classics
Drama;2013;Officer Down;Box Office History for Anchor Bay Entertainment
Drama;2013;Nous ne viellirons pas ensemble;The Film Desk
Drama;2013;La mariée était en noir;Box Office History for Lopert Pictures Corporation
Drama;2013;Sou Suo;levelFILM
Drama;2013;Into the White;Magnolia Pictures
Drama;2013;The Long Day Closes;The Film Desk
Drama;2013;Diaz: Don't Clean Up This Blood;Mongrel Media
Drama;2013;A Perfect Man;IFC Films
Drama;2013;Atmen;Kino Lorber
Drama;2014;The Fault in Our Stars;20th Century Fox
Drama;2014;Noah;Paramount Pictures
Drama;2014;Heaven is for Real;Sony Pictures
Drama;2014;Fury;Sony Pictures
Drama;2014;The Monuments Men;Sony Pictures
Drama;2014;Unbroken;Universal
Drama;2014;God’s Not Dead;Box Office History for Pure Flix Entertainment
Drama;2014;Son of God;20th Century Fox
Drama;2014;Exodus: Gods and Kings;20th Century Fox
Drama;2014;If I Stay;Warner Bros.
Drama;2014;The Judge;Warner Bros.
Drama;2014;Jersey Boys;Warner Bros.
Drama;2014;The Giver;Weinstein Co.
Drama;2014;Dolphin Tale 2;Warner Bros.
Drama;2014;Million Dollar Arm;Walt Disney
Drama;2014;Get on Up;Universal
Drama;2014;The Imitation Game;Weinstein Co.
Drama;2014;When the Game Stands Tall;Sony Pictures
Drama;2014;Draft Day;Lionsgate
Drama;2014;The Gambler;Paramount Pictures
Drama;2014;The Best of Me;Relativity
Drama;2014;Her;Warner Bros.
Drama;2014;The Theory of Everything;Focus Features
Drama;2014;Saving Mr. Banks;Walt Disney
Drama;2014;Boyhood;IFC Films
Drama;2014;Endless Love;Universal
Drama;2014;Wild;Fox Searchlight
Drama;2014;12 Years a Slave;Fox Searchlight
Drama;2014;Philomena;Weinstein Co.
Drama;2014;Addicted;Lionsgate
Drama;2014;Begin Again;Weinstein Co.
Drama;2014;Step Up All In;Lionsgate
Drama;2014;Beyond the Lights;Relativity
Drama;2014;Labor Day;Paramount Pictures
Drama;2014;Winter’s Tale;Warner Bros.
Drama;2014;Dallas Buyers Club;Focus Features
Drama;2014;Belle;Fox Searchlight
Drama;2014;The Drop;Fox Searchlight
Drama;2014;Nebraska;Paramount Pictures
Drama;2014;Big Eyes;Weinstein Co.
Drama;2014;Foxcatcher;Box Office History for Sony Pictures Classics
Drama;2014;Cantinflas;Lionsgate
Drama;2014;Whiplash;Box Office History for Sony Pictures Classics
Drama;2014;Cesar Chavez;Lionsgate
Drama;2014;Inside Llewyn Davis;CBS Films
Drama;2014;The Skeleton Twins;Box Office History for Lionsgate/Roadside Attractions
Drama;2014;The Wind Rises (風立ちぬ);Walt Disney
Drama;2014;The Railway Man;Weinstein Co.
Drama;2014;The Lunchbox;Box Office History for Sony Pictures Classics
Drama;2014;Ida;Music Box Films
Drama;2014;Veronica Mars;Warner Bros.
Drama;2014;Rosewater;Open Road
Drama;2014;Myeong-ryang;CJ Entertainment
Drama;2014;The Identical;Freestyle Releasing
Drama;2014;The Good Lie;Warner Bros.
Drama;2014;The Book Thief;20th Century Fox
Drama;2014;Captain Phillips;Sony Pictures
Drama;2014;Love is Strange;Box Office History for Sony Pictures Classics
Drama;2014;2 States;UTV Communications
Drama;2014;American Sniper;Warner Bros.
Drama;2014;Le Week-End;Music Box Films
Drama;2014;Gloria;Roadside Attractions
Drama;2014;The Immigrant;RADiUS-TWC
Drama;2014;La grande bellezza;Janus Films
Drama;2014;Only Lovers Left Alive;Box Office History for Sony Pictures Classics
Drama;2014;Persecuted;One Media, LLC
Drama;2014;Kaguyahime no monogatari;GKIDS
Drama;2014;Pride;CBS Films
Drama;2014;Gimme Shelter;Roadside Attractions
Drama;2014;Mandela: Long Walk to Freedom;Weinstein Co.
Drama;2014;Le passé;Box Office History for Sony Pictures Classics
Drama;2014;Turist;Magnolia Pictures
Drama;2014;The Invisible Woman;Box Office History for Sony Pictures Classics
Drama;2014;The Rover;A24
Drama;2014;50 to 1;Ten Furlongs
Drama;2014;Haider;UTV Communications
Drama;2014;Third Person;Box Office History for Sony Pictures Classics
Drama;2014;Stalingrad;Box Office History for Sony Pictures Classics
Drama;2014;The Song;Samuel Goldwyn Films
Drama;2014;Mr. Turner;Box Office History for Sony Pictures Classics
Drama;2014;Atlas Shrugged: Who Is John Galt?;Atlas Distribution
Drama;2014;Alone Yet Not Alone;Box Office History for Hammond Entertainment
Drama;2014;Nymphomaniac: Volume I;Magnolia Pictures
Drama;2014;Palo Alto;TriBeca Films
Drama;2014;Yves Saint Laurent;Weinstein Co.
Drama;2014;Frankie & Alice;Box Office History for CODEBLACK Films/Lionsgate
Drama;2014;The Disappearance of Eleanor Rigby;Weinstein Co.
Drama;2014;Cong cong na nian;Box Office History for China Lion Film Distribution
Drama;2014;23 Blast;Abramorama Films
Drama;2014;Forrest Gump;Paramount Pictures
Drama;2014;Highway;UTV Communications
Drama;2014;Tracks;Weinstein Co.
Drama;2014;La petite reine;Entertainment One
Drama;2014;Bei Jing Ai Qing Gu Shi;Box Office History for China Lion Film Distribution
Drama;2014;Yi Sheng Yi Shi;Box Office History for China Lion Film Distribution
Drama;2014;Wakolda;Samuel Goldwyn Films
Drama;2014;The Face of Love;IFC Films
Drama;2014;Humpty Sharma Ki Dulhania;Box Office History for Reliance Big Pictures
Drama;2014;Joe;Roadside Attractions
Drama;2014;La Vénus à la fourrure;IFC Films
Drama;2014;Jimi: All is By My Side;XLrator Media
Drama;2014;Lee Daniels' The Butler;Weinstein Co.
Drama;2014;I Origins;Fox Searchlight
Drama;2014;Soshite chichi ni naru;IFC Films
Drama;2014;Nymphomaniac: Volume II;Mongrel Media
Drama;2014;L'inconnu du lac;Strand Releasing
Drama;2014;Viaggio sola;Music Box Films
Drama;2014;L’écume des jours;Drafthouse Films
Drama;2014;La danza de la realidad;ABCKO Films
Drama;2014;A Most Violent Year;A24
Drama;2014;Kill Your Darlings;Box Office History for Sony Pictures Classics
Drama;2014;Punjab 1984;Box Office History for White Hill Production
Drama;2014;The Zero Theorem;Amplify
Drama;2014;Elle s'en va;
Drama;2014;A Matter of Faith;Five & Two Pictures
Drama;2014;Diplomatie;Zeitgeist
Drama;2014;Pozitia copiului;Zeitgeist
Drama;2014;Rob the Mob;Alchemy
Drama;2014;Adieu au langage;Kino Lorber
Drama;2014;Avis de mistral;Mongrel Media
Drama;2014;Vi ar bast!;Magnolia Pictures
Drama;2014;The Last of Robin Hood;Samuel Goldwyn Films
Drama;2014;God’s Pocket;IFC Films
Drama;2014;Oh Boy;Music Box Films
Drama;2014;From the Rough;Freestyle Releasing
Drama;2014;Out of the Furnace;Relativity
Drama;2014;Leviafan;Box Office History for Sony Pictures Classics
Drama;2014;The Congress;Drafthouse Films
Drama;2014;Redwood Highway;Monterey Media
Drama;2014;Le metis de Dieu;Film Movement
Drama;2014;Raja Natwarlal;UTV Communications
Drama;2014;Pour une femme;Film Movement
Drama;2014;Libertador;Cohen Media Group
Drama;2014;Deux jours, une nuit;Sundance Selects
Drama;2014;Coherence;Box Office History for Oscilloscope Pictures
Drama;2014;Huang jin shi dai;Box Office History for China Lion Film Distribution
Drama;2014;Jeune & Jolie;IFC Films
Drama;2014;Hoje Eu Quero Voltar Sozinho;Strand Releasing
Drama;2014;Gukjesijang;CJ Entertainment
Drama;2014;Unsere Mutter, unsere Vater;Music Box Films
Drama;2014;One Chance;Weinstein Co.
Drama;2014;Hiroshima Mon Amour;Rialto Pictures
Drama;2014;Breathe In;Cohen Media Group
Drama;2014;La migiliore offerta;IFC Films
Drama;2014;Fort McCoy;Monterey Media
Drama;2014;Le temps de l'aventure;Distrib Films
Drama;2014;Zero Motivation;Zeitgeist
Drama;2014;Les yeux jaunes des crocodiles;Mongrel Media
Drama;2014;The Broken Circle Breakdown;TriBeca Films
Drama;2014;Je t'aime, je t'aime;The Film Desk
Drama;2014;A nagy füzet;Box Office History for Sony Pictures Classics
Drama;2014;La jalousie;Distrib Films
Drama;2014;Dom over dod man;Music Box Films
Drama;2014;Siddharth;Zeitgeist
Drama;2014;Frontera;Magnolia Pictures
Drama;2014;Il conformista;Paramount Pictures
Drama;2014;The One I Wrote for You;Abramorama Films
Drama;2014;The Rocket;Kino Lorber
Drama;2014;Grzeli nateli dgeebi;Big World Pictures
Drama;2014;Rudderless;Samuel Goldwyn Films
Drama;2014;Starred Up;TriBeca Films
Drama;2014;Ilo Ilo;Film Movement
Drama;2014;Avant l'hiver;Mongrel Media
Drama;2014;At Middleton;Box Office History for Anchor Bay Entertainment
Drama;2014;Half of a Yellow Sun;Monterey Media
Drama;2014;Tusen ganger god natt;Film Movement
Drama;2014;Low Down;Box Office History for Oscilloscope Pictures
Drama;2014;Hellion;IFC Films
Drama;2014;Hateship Loveship;IFC Films
Drama;2014;Tian zhu ding;Kino Lorber
Drama;2014;A Master Builder;Abramorama Films
Drama;2014;Alphaville, une étrange aventure de Lemmy Caution;Rialto Pictures
Drama;2014;Water & Power;North/South Pictures
Drama;2014;Blood Ties;Roadside Attractions
Drama;2014;Interior. Leather Bar.;Strand Releasing
Drama;2014;Decoding Annie Parker;Entertainment One
Drama;2014;Zwei Leben;IFC Films
Drama;2014;Child of God;Well Go USA
Drama;2014;Beneath the Harvest Sky;TriBeca Films
Drama;2014;White Bird in a Blizzard;Magnolia Pictures
Drama;2014;It Felt Like Love;Variance Films
Drama;2014;Abus de faiblesse;Strand Releasing
Drama;2014;A Long Way Off;Box Office History for Moving Visions Entertainment, Inc.
Drama;2014;Parde;Variance Films
Drama;2014;Fanny;Mongrel Media
Drama;2014;Lilting;Strand Releasing
Drama;2014;Horici ker;
Drama;2014;Marius;Mongrel Media
Drama;2014;L'amour est un crime parfait;Mongrel Media
Drama;2014;Bird People;IFC Films
Drama;2014;Jimmy P.;Mongrel Media
Drama;2014;After;Paladin
Drama;2014;La Vie d'Adèle – Chapitres 1 & 2;Mongrel Media
Drama;2014;Memphis;Kino Lorber
Drama;2014;Test;Variance Films
Drama;2014;Stand Clear of the Closing Doors;Box Office History for Oscilloscope Pictures
Drama;2014;Au bonheur des ogres;Mongrel Media
Drama;2014;Accident;Cinema V
Drama;2014;Offret;Kino Lorber
Drama;2014;Les chevaux de Dieu;Kino Lorber
Drama;2014;Conte d'hiver;Big World Pictures
Drama;2014;Heartbeat;Mongrel Media
Drama;2014;Exhibition;Kino Lorber
Drama;2014;As It Is in Heaven;Cinema Purgatorio
Drama;2014;A Long Way Down;Magnolia Pictures
Drama;2014;Nightlights;Indican Pictures
Drama;2014;Coming Up Roses;Dada Films
Drama;2014;Bhopal: A Prayer for Rain;Box Office History for Revolver Entertainment
Drama;2014;Run & Jump;Sundance Selects
Drama;2014;Emoticon;Indican Pictures
Drama;2014;The Selfish Giant;IFC Films
Drama;2014;Camp X-Ray;IFC Films
Drama;2014;Goodbye to All That;IFC Films
Drama;2014;Before I Disappear;IFC Films
Drama;2014;Las horas muertas;Strand Releasing
Drama;2014;Archipelago;Kino Lorber
Drama;2014;The Historian;
Drama;2014;Le jour se leve;
Drama;2014;Camille Claudel: 1915;Kino Lorber
Drama;2014;No God, No Master;Monterey Media
Drama;2014;La mariée était en noir;Box Office History for Lopert Pictures Corporation
Drama;2014;La petite chambre;Cinema Libre
Drama;2014;The Quitter;Goodface Films
Drama;2014;Kid Cannabis;Well Go USA
Drama;2014;Short Term 12;Cinedigm
Drama;2014;2 automnes 3 hivers;Film Movement
Drama;2014;Violette;Mongrel Media
Drama;2014;Les beaux jours;
Drama;2014;Gabrielle;Entertainment One
Drama;2014;Fall;Mongrel Media
Drama;2014;Unrelated;Kino Lorber
Drama;2014;Aimer, boire et chanter;Kino Lorber
Drama;2014;The Truth About Emanuel;TriBeca Films
Drama;2014;Life of a King;Alchemy
Drama;2014;Dast-Neveshtehaa Nemisoosand;Kino Lorber
Drama;2014;Nothing But a Man;Cinema V
Drama;2014;Northern Lights;
Drama;2014;The Word;Box Office History for Scarlet Sky Productions
Drama;2014;Hide Your Smiling Faces;TriBeca Films
Drama;2014;Little Fugitive;
Drama;2014;The Sleepwalker (2014);IFC Films
Drama;2014;Refuge;Strand Releasing
Drama;2014;Stop the Pounding Heart;Big World Pictures
Drama;2014;Moebiuseu;RAM Releasing
Drama;2014;Era Uma Vez Eu, Veronica;Big World Pictures
Drama;2014;The Wait;Monterey Media
Drama;2014;The Right Kind of Wrong;Magnolia Pictures
Drama;2014;Rhymes for Young Ghouls;Monterey Media
Drama;2014;Mr. Pip;Freestyle Releasing
Drama;2014;Summer in February;TriBeca Films
Drama;2014;Der Turm;Music Box Films
Drama;2014;Cinemanovels;Monterey Media
Drama;2014;Grand départ;Rialto Pictures
Drama;2015;American Sniper;Warner Bros.
Drama;2015;Cinderella;Walt Disney
Drama;2015;Fifty Shades of Grey;Universal
Drama;2015;Straight Outta Compton;Universal
Drama;2015;Creed;Warner Bros.
Drama;2015;War Room;Sony Pictures
Drama;2015;Black Mass;Warner Bros.
Drama;2015;The Imitation Game;Weinstein Co.
Drama;2015;Unbroken;Universal
Drama;2015;Southpaw;Weinstein Co.
Drama;2015;Selma;Paramount Pictures
Drama;2015;McFarland, USA;Walt Disney
Drama;2015;The Age of Adaline;Lionsgate
Drama;2015;The Longest Ride;20th Century Fox
Drama;2015;Woman in Gold;Weinstein Co.
Drama;2015;The Big Short;Paramount Pictures
Drama;2015;Paper Towns;20th Century Fox
Drama;2015;Joy;20th Century Fox
Drama;2015;Spotlight;Open Road
Drama;2015;Ricki and the Flash;Sony Pictures
Drama;2015;Black or White;Relativity
Drama;2015;Aloha;Sony Pictures
Drama;2015;Brooklyn;Fox Searchlight
Drama;2015;Still Alice;Box Office History for Sony Pictures Classics
Drama;2015;Wild;Fox Searchlight
Drama;2015;Steve Jobs;Universal
Drama;2015;Mr. Holmes;Box Office History for Miramax/Roadside Attractions
Drama;2015;Concussion;Sony Pictures
Drama;2015;Woodlawn;Box Office History for Pure Flix Entertainment
Drama;2015;Do You Believe?;Box Office History for Pure Flix Entertainment
Drama;2015;Love & Mercy;Roadside Attractions
Drama;2015;Far from the Madding Crowd;Fox Searchlight
Drama;2015;The 33;Warner Bros.
Drama;2015;The Theory of Everything;Focus Features
Drama;2015;The Walk;Sony Pictures
Drama;2015;Exodus: Gods and Kings;20th Century Fox
Drama;2015;Whiplash;Box Office History for Sony Pictures Classics
Drama;2015;Trumbo;Bleecker Street
Drama;2015;Our Brand is Crisis;Warner Bros.
Drama;2015;Me and Earl and the Dying Girl;Fox Searchlight
Drama;2015;Little Boy;Open Road
Drama;2015;The Gambler;Paramount Pictures
Drama;2015;The Danish Girl;Focus Features
Drama;2015;Bajirao Mastani;Eros Entertainment
Drama;2015;A Most Violent Year;A24
Drama;2015;Carol;Weinstein Co.
Drama;2015;Room;A24
Drama;2015;90 Minutes in Heaven;Samuel Goldwyn Films
Drama;2015;True Story;Fox Searchlight
Drama;2015;Suffragette;Focus Features
Drama;2015;Big Eyes;Weinstein Co.
Drama;2015;Prem Ratan Dhan Payo;Fox International
Drama;2015;The Water Diviner;Warner Bros.
Drama;2015;Foxcatcher;Box Office History for Sony Pictures Classics
Drama;2015;Spare Parts;Lionsgate
Drama;2015;We Are Your Friends;Warner Bros.
Drama;2015;Mommy;Roadside Attractions
Drama;2015;Learning to Drive;Broad Green Pictures
Drama;2015;Phoenix;IFC Films
Drama;2015;Dil Dhadakne Do;Eros Entertainment
Drama;2015;Mr. Turner;Box Office History for Sony Pictures Classics
Drama;2015;Chi-raq;Box Office History for Amazon Studios/Roadside Attractions
Drama;2015;Captive;Paramount Pictures
Drama;2015;Pawn Sacrifice;Bleecker Street
Drama;2015;My All-American;Box Office History for Clarius Entertainment
Drama;2015;Gukjesijang;CJ Entertainment
Drama;2015;Cake;Cinelou Releasing
Drama;2015;Old Fashioned;Freestyle Releasing
Drama;2015;Game of Thrones: The IMAX Experience;Warner Bros.
Drama;2015;Clouds of Sils Maria;IFC Films
Drama;2015;Testament of Youth;Box Office History for Sony Pictures Classics
Drama;2015;Piku;Yash Raj Films
Drama;2015;The Letters;Freestyle Releasing
Drama;2015;The Diary of a Teenage Girl;Box Office History for Sony Pictures Classics
Drama;2015;99 Homes;Broad Green Pictures
Drama;2015;The Cokeville Miracle;Excel Entertainment
Drama;2015;Deux jours, une nuit;Sundance Selects
Drama;2015;Youth;Fox Searchlight
Drama;2015;Where Hope Grows;Roadside Attractions
Drama;2015;Boyhood;IFC Films
Drama;2015;Timbuktu;Cohen Media Group
Drama;2015;5 Flights Up;Focus Features
Drama;2015;Faith of Our Fathers;Box Office History for Pure Flix / Samuel Goldwyn Films
Drama;2015;Gett: The Trial of Viviane Amsalem;Music Box Films
Drama;2015;Leviafan;Box Office History for Sony Pictures Classics
Drama;2015;Macbeth;Weinstein Co.
Drama;2015;ABCD 2;UTV Communications
Drama;2015;Im Labyrinth des Schweigens;Box Office History for Sony Pictures Classics
Drama;2015;Once I Was a Beehive;Purdie Distribution
Drama;2015;The Stanford Prison Experiment;IFC Films
Drama;2015;Cìkè Niè Yinniáng;Well Go USA
Drama;2015;Kumiko, The Treasure Hunter;Amplify
Drama;2015;Fury;Sony Pictures
Drama;2015;Omoide no Mani;GKIDS
Drama;2015;Jimmy's Hall;Box Office History for Sony Pictures Classics
Drama;2015;A Little Chaos;Focus Features
Drama;2015;Freeheld;Lionsgate
Drama;2015;By the Sea;Universal
Drama;2015;You yi ge di fang zhi you wo men zhi dao;Box Office History for China Lion Film Distribution
Drama;2015;Brotherly Love;Freestyle Releasing
Drama;2015;Darbareye Elly;Cinema Guild
Drama;2015;Bombay Velvet;Fox International
Drama;2015;Felix et Meira;Box Office History for Oscilloscope Pictures
Drama;2015;Saint Laurent;Box Office History for Sony Pictures Classics
Drama;2015;Gemma Bovery;Music Box Films
Drama;2015;A Matter of Faith;Five & Two Pictures
Drama;2015;Pather Panchali;
Drama;2015;Gui lai;Box Office History for Sony Pictures Classics
Drama;2015;Que Horas Ela Volta?;Box Office History for Oscilloscope Pictures
Drama;2015;Boychoir;Mongrel Media
Drama;2015;Noble;Aspiration Media
Drama;2015;Talvar;Box Office History for Reliance Entertainment
Drama;2015;Detective Byomkesh Bakshy;Yash Raj Films
Drama;2015;N.L.L: Yeonpyeong Haejeon;Well Go USA
Drama;2015;Shamitabh;Eros Entertainment
Drama;2015;A Borrowed Identity;Strand Releasing
Drama;2015;Good Kill;IFC Films
Drama;2015;David and Goliath;Box Office History for RiverRain / Ripple Effect
Drama;2015;The Man in 3B;Freestyle Releasing
Drama;2015;Feher isten;Magnolia Pictures
Drama;2015;L'homme qu'on aimait trop;Cohen Media Group
Drama;2015;Love;Alchemy
Drama;2015;Adieu au langage;Kino Lorber
Drama;2015;Carter High;PlayNow Enterprise
Drama;2015;Hamari Adhuri Kahani;Fox International
Drama;2015;45 Years;IFC Films
Drama;2015;A Royal Night Out;Atlas Distribution
Drama;2015;Chocolate City;Freestyle Releasing
Drama;2015;Peng ran xin dong;Box Office History for China Lion Film Distribution
Drama;2015;Turist;Magnolia Pictures
Drama;2015;Escobar: Paradise Lost;RADiUS-TWC
Drama;2015;Shi gu;Box Office History for China Lion Film Distribution
Drama;2015;Stonewall;Roadside Attractions
Drama;2015;Maggie;Roadside Attractions
Drama;2015;Mustang;Cohen Media Group
Drama;2015;3 coeurs;Cohen Media Group
Drama;2015;Serena;Magnolia Pictures
Drama;2015;Kis uykusu;Adopt Films
Drama;2015;Time Out of Mind;IFC Films
Drama;2015;C'est Si Bon;CJ Entertainment
Drama;2015;The Last Women Standing;Box Office History for China Lion Film Distribution
Drama;2015;Il capitale umano;Film Movement
Drama;2015;Saul fia;Box Office History for Sony Pictures Classics
Drama;2015;Experimenter;Magnolia Pictures
Drama;2015;Desert Dancer;Relativity
Drama;2015;Guten Tag, Ramon;20th Century Fox
Drama;2015;Plemya;Drafthouse Films
Drama;2015;Forever Young;Box Office History for China Lion Film Distribution
Drama;2015;X+Y;Samuel Goldwyn Films
Drama;2015;La Sapienza;Kino Lorber
Drama;2015;Manglehorn;IFC Films
Drama;2015;Mississippi Grind;A24
Drama;2015;Boulevard;Starz Digital Media
Drama;2015;Ida;Music Box Films
Drama;2015;Pei an dong ni du guo man chang sui yue;Box Office History for China Lion Film Distribution
Drama;2015;Digging for Fire;The Orchard
Drama;2015;Mandariinid;Samuel Goldwyn Films
Drama;2015;The Beauty Inside;Well Go USA
Drama;2015;James White;Film Arcade
Drama;2015;Anime nere;Vitagraph Films
Drama;2015;1915;
Drama;2015;Legends from the Sky;Box Office History for Holt Hamilton Distribution
Drama;2015;Beasts of No Nation;Bleecker Street
Drama;2015;Queen of Earth;IFC Films
Drama;2015;Hero;Eros Entertainment
Drama;2015;The End of the Tour;A24
Drama;2015;Heaven Knows What;RADiUS-TWC
Drama;2015;Nasty Baby;The Orchard
Drama;2015;Blackbird;Image Entertainment
Drama;2015;Le meraviglie;Box Office History for Oscilloscope Pictures
Drama;2015;Eden;Broad Green Pictures
Drama;2015;Bande de filles;Strand Releasing
Drama;2015;I Smile Back;Broad Green Pictures
Drama;2015;Jauja;Cinema Guild
Drama;2015;The Duke of Burgundy;IFC Films
Drama;2015;The Judge;Warner Bros.
Drama;2015;Die geliebten Schwestern;Music Box Films
Drama;2015;Beyond the Lights;Relativity
Drama;2015;Aloft;Box Office History for Sony Pictures Classics
Drama;2015;Loreak;Music Box Films
Drama;2015;Difret;Truth Aid/Amplify
Drama;2015;Red Herring;Indican Pictures
Drama;2015;Shanghai;Weinstein Co.
Drama;2015;Madame Bovary;Alchemy
Drama;2015;Respire;Film Movement
Drama;2015;Queen and Country;
Drama;2015;Zero Motivation;Zeitgeist
Drama;2015;Entertainment;Magnolia Pictures
Drama;2015;Charlie’s Country;Monument Releasing
Drama;2015;Kreuzweg;Film Movement
Drama;2015;Lila & Eve;Samuel Goldwyn Films
Drama;2015;Autrui;Mongrel Media
Drama;2015;Before We Go;Radius
Drama;2015;Haganenet;Kino Lorber
Drama;2015;Song One;Cinedigm/Film Arcade
Drama;2015;Trudno byt bogom;Kino Lorber
Drama;2015;Runoff;Monterey Media
Drama;2015;Qing shao nian nuo zha;Big World Pictures
Drama;2015;Le jour se leve;
Drama;2015;Like Sunday, Like Rain;Monterey Media
Drama;2015;The Cut;Strand Releasing
Drama;2015;The Best of Me;Relativity
Drama;2015;Les choses de la vie;Rialto Pictures
Drama;2015;Olvidados;Cinema Libre
Drama;2015;Hippocrate;Distrib Films
Drama;2015;Court;Zeitgeist
Drama;2015;Animals;Box Office History for Oscilloscope Pictures
Drama;2015;Praia do Futuro;Strand Releasing
Drama;2015;Jeux interdits;
Drama;2015;The Other One;Indican Pictures
Drama;2015;Strangerland;Alchemy
Drama;2015;Eastern Boys;First Run Features
Drama;2015;Eva;Weinstein Co.
Drama;2015;Les nuits de la pleine lune;Film Movement
Drama;2015;Cheatin';Plymptoons
Drama;2015;Far Too Far;Box Office History for Time and Tide Productions, Inc.
Drama;2015;Omohide poro poro;GKIDS
Drama;2015;10 Days in a Madhouse;Cafe Pictures
Drama;2015;Amour fou;Film Movement
Drama;2015;Kawaki;Drafthouse Films
Drama;2015;River of Fundament;Box Office History for International Film Circuit
Drama;2015;Un beau dimanche;Cohen Media Group
Drama;2015;L'armée des ombres;Rialto Pictures
Drama;2015;Marie's Story;Film Movement
Drama;2015;The Devil's Violinist;Freestyle Releasing
Drama;2015;1001 Grams;Kino Lorber
Drama;2015;Diplomatie;Zeitgeist
Drama;2015;Jiao you;Cinema Guild
Drama;2015;Medeas;The Vladar Company
Drama;2015;Cupcakes;Strand Releasing
Drama;2015;As Mil e Uma Noites: Volume 1, O Inquieto;Kino Lorber
Drama;2015;Urok;Film Movement
Drama;2015;Northern Soul;Freestyle Releasing
Drama;2015;Não Pare na Pista: A Melhor História de Paulo Coelho;Music Box Films
Drama;2015;Little Accidents;Amplify
Drama;2015;Conte d'hiver;Big World Pictures
Drama;2015;The Girl in the Book;Freestyle Releasing
Drama;2015;Hiroshima Mon Amour;Rialto Pictures
Drama;2015;I nostri ragazzi;Film Movement
Drama;2015;Straight Outta Tompkins;Indican Pictures
Drama;2015;Kajaki;Honora Productions
Drama;2015;Le grand homme;Distrib Films
Drama;2015;Set Fire to the Stars;Strand Releasing
Drama;2015;Aimer, boire et chanter;Kino Lorber
Drama;2015;Hungry Hearts;IFC Films
Drama;2015;The Sisterhood of Night;Freestyle Releasing
Drama;2015;Die Marquise van O;Film Movement
Drama;2015;The Riot Club;IFC Films
Drama;2015;Mediterranea;IFC Films
Drama;2015;Black November;Entertainment One
Drama;2015;Loin des hommes;TriBeca Films
Drama;2015;She's Lost Control;Monument Releasing
Drama;2015;De Mayerling à Sarajevo;
Drama;2015;The Good Lie;Warner Bros.
Drama;2015;La princesa de Francia;Cinema Guild
Drama;2015;Death Valley;Indican Pictures
Drama;2015;A Reason;Indican Pictures
Drama;2015;As Mil e Uma Noites: Volume 2, O Desolado;Kino Lorber
Drama;2015;Goodbye to All That;IFC Films
Drama;2015;52 Tuesdays;Kino Lorber
Drama;2015;Yosemite;Monterey Media
Drama;2015;Offret;Kino Lorber
Drama;2015;Cong cong na nian;Box Office History for China Lion Film Distribution
Drama;2015;L'armee du salut;Strand Releasing
Drama;2015;Unfreedom;Dark Frames
Drama;2015;Fidelio, l'odyssée d'Alice;First Run Features
Drama;2015;Jenny’s Wedding;IFC Films
Drama;2015;Xenia;Strand Releasing
Drama;2015;Allure;
Drama;2015;Hoje Eu Quero Voltar Sozinho;Strand Releasing
Drama;2015;Chocolat;Orion Classics
Drama;2015;Les yeux jaunes des crocodiles;Mongrel Media
Drama;2015;Dast-Neveshtehaa Nemisoosand;Kino Lorber
Drama;2015;The Looking Glass;First Run Features
Drama;2015;Sangailes vasara;Strand Releasing
Drama;2015;Drown;Strand Releasing
Drama;2015;Forever;Monterey Media
Drama;2015;The Pardon;Self Distributed
Drama;2015;3 Nights in the Desert;Monterey Media
Drama;2015;Childless;Monterey Media
Drama;2015;United Passions;Screen Media Films
Drama;2015;Half of a Yellow Sun;Monterey Media
Drama;2015;Big Muddy;Monterey Media
Drama;2015;Boven is het stil;Big World Pictures
Drama;2015;Jimmy P.;Mongrel Media
Drama;2015;Love is Strange;Box Office History for Sony Pictures Classics
Drama;2015;Das Zimmermadchen Lynn;Film Movement
Drama;2015;Exhibition;Kino Lorber
Drama;2015;Memphis;Kino Lorber
Drama;2015;The Historian;
Action;2000;Mission: Impossible 2;Paramount Pictures
Action;2000;Gladiator;Dreamworks SKG
Action;2000;X-Men;20th Century Fox
Action;2000;Charlie's Angels;Sony Pictures
Action;2000;Gone in 60 Seconds;Walt Disney
Action;2000;U-571;Universal
Action;2000;Shaft;Paramount Pictures
Action;2000;Romeo Must Die;Warner Bros.
Action;2000;The 6th Day;Sony Pictures
Action;2000;Proof of Life;Warner Bros.
Action;2000;Reindeer Games;Miramax
Action;2000;Battlefield Earth: A Saga of the Year 3000;Warner Bros.
Action;2000;Red Planet;Warner Bros.
Action;2000;Bait;Warner Bros.
Action;2000;Get Carter;Warner Bros.
Action;2000;Crouching Tiger, Hidden Dragon;Box Office History for Sony Pictures Classics
Action;2000;Highlander: Endgame;Miramax/Dimension
Action;2000;The Legend of Drunken Master;Miramax
Action;2000;Godzilla 2000;Sony Pictures
Action;2000;The World is Not Enough;MGM
Action;2000;The Way of the Gun;Artisan
Action;2000;End of Days;Universal
Action;2000;Double Jeopardy;Paramount Pictures
Action;2000;Taxi 2;Lionsgate
Action;2000;Blue Streak;Sony Pictures
Action;2000;Pariah;Indican Pictures
Action;2000;The Omega Code;Box Office History for Providence Entertainment
Action;2000;El Circulo Vicioso;
Action;2000;The Boondock Saints;Indican Pictures
Action;2000;The Specials;
Action;2000;Pups;
Action;2000;Ground Zero;
Action;2001;Rush Hour 2;New Line
Action;2001;Pearl Harbor;Walt Disney
Action;2001;Jurassic Park III;Universal
Action;2001;The Fast and the Furious;Universal
Action;2001;Crouching Tiger, Hidden Dragon;Box Office History for Sony Pictures Classics
Action;2001;Swordfish;Warner Bros.
Action;2001;The Mexican;Dreamworks SKG
Action;2001;Spy Game;Universal
Action;2001;Behind Enemy Lines;20th Century Fox
Action;2001;Exit Wounds;Warner Bros.
Action;2001;The One;Sony Pictures
Action;2001;Kiss of the Dragon;20th Century Fox
Action;2001;Driven;Warner Bros.
Action;2001;Double Take;Walt Disney
Action;2001;Heist;New Line
Action;2001;3000 Miles to Graceland;Warner Bros.
Action;2001;Iron Monkey;Miramax
Action;2001;John Carpenter’s Ghosts of Mars;Screen Media Films
Action;2001;Megiddo: Omega Code 2;8X Entertainment
Action;2001;Proof of Life;Warner Bros.
Action;2001;Charlie's Angels;Sony Pictures
Action;2001;Gladiator;Dreamworks SKG
Action;2001;Extreme Days;Box Office History for Providence Entertainment
Action;2001;Black Hawk Down;Sony Pictures
Action;2001;Le pacte des loups;
Action;2001;The 6th Day;Sony Pictures
Action;2001;Red Planet;Warner Bros.
Action;2001;Time and Tide;
Action;2001;Vampire Hunter D: Bloodlust;
Action;2001;Bangkok Dangerous;First Look
Action;2001;Akira;
Action;2001;Taxi 2;Lionsgate
Action;2002;Men in Black 2;Sony Pictures
Action;2002;Die Another Day;MGM
Action;2002;xXx;Sony Pictures
Action;2002;Minority Report;20th Century Fox
Action;2002;The Sum of All Fears;Paramount Pictures
Action;2002;Black Hawk Down;Sony Pictures
Action;2002;The Scorpion King;Universal
Action;2002;Blade 2;New Line
Action;2002;The Tuxedo;Dreamworks SKG
Action;2002;Reign of Fire;Walt Disney
Action;2002;Windtalkers;MGM
Action;2002;Collateral Damage;Warner Bros.
Action;2002;K-19: The Widowmaker;Paramount Pictures
Action;2002;I Spy;Sony Pictures
Action;2002;Bad Company;Walt Disney
Action;2002;The Transporter;20th Century Fox
Action;2002;Rollerball;MGM
Action;2002;Half Past Dead;Sony Pictures
Action;2002;Ballistic: Ecks vs. Sever;Warner Bros.
Action;2002;Le pacte des loups;
Action;2002;Formula 51;Screen Media Films
Action;2002;Behind Enemy Lines;20th Century Fox
Action;2002;Extreme Ops;Paramount Pictures
Action;2002;State Property;Lionsgate
Action;2002;Equilibrium;Miramax/Dimension
Action;2002;Spy Game;Universal
Action;2002;Metropolis;Paramount Pictures
Action;2002;Shichinin no samurai;Cowboy Pictures
Action;2002;Snipes;
Action;2002;Master of the Flying Guillotine;
Action;2002;Outta Time;
Action;2002;Bangkok Dangerous;First Look
Action;2003;The Matrix Reloaded;Warner Bros.
Action;2003;X-Men 2;20th Century Fox
Action;2003;Terminator 3: Rise of the Machines;Warner Bros.
Action;2003;Bad Boys II;Sony Pictures
Action;2003;The Matrix Revolutions;Warner Bros.
Action;2003;Hulk;Universal
Action;2003;2 Fast 2 Furious;Universal
Action;2003;S.W.A.T.;Sony Pictures
Action;2003;Daredevil;20th Century Fox
Action;2003;Charlie's Angels: Full Throttle;Sony Pictures
Action;2003;The Last Samurai;Warner Bros.
Action;2003;Kill Bill: Volume 1;Miramax
Action;2003;Once Upon a Time in Mexico;Sony Pictures
Action;2003;Underworld;Sony Pictures
Action;2003;The Rundown;Universal
Action;2003;Tears of the Sun;Sony Pictures
Action;2003;National Security;Sony Pictures
Action;2003;Cradle 2 the Grave;Warner Bros.
Action;2003;The Hunted;Paramount Pictures
Action;2003;The Core;Paramount Pictures
Action;2003;Hollywood Homicide;Sony Pictures
Action;2003;Johnny English;Universal
Action;2003;A Man Apart;New Line
Action;2003;Bulletproof Monk;MGM
Action;2003;The Medallion;Sony Pictures
Action;2003;Biker Boyz;Dreamworks SKG
Action;2003;Die Another Day;MGM
Action;2003;Cowboy Bebop;Sony Pictures
Action;2003;I Spy;Sony Pictures
Action;2003;The Legend of Suriyothai;
Action;2003;The Tuxedo;Dreamworks SKG
Action;2003;Steal;
Action;2003;Half Past Dead;Sony Pictures
Action;2003;Shichinin no samurai;Cowboy Pictures
Action;2003;The Princess Blade;ADV Films
Action;2003;Metropolis;Paramount Pictures
Action;2003;Extreme Ops;Paramount Pictures
Action;2003;Fulltime Killer;
Action;2003;The Transporter;20th Century Fox
Action;2004;I, Robot;20th Century Fox
Action;2004;Troy;Warner Bros.
Action;2004;Van Helsing;Universal
Action;2004;Collateral;Dreamworks SKG
Action;2004;AVP: Alien Vs. Predator;20th Century Fox
Action;2004;Kill Bill: Volume 2;Miramax
Action;2004;Hellboy;Sony Pictures
Action;2004;Jet Li's Hero;Miramax
Action;2004;Blade: Trinity;New Line
Action;2004;Walking Tall;MGM
Action;2004;Catwoman;Warner Bros.
Action;2004;Taxi;20th Century Fox
Action;2004;Alexander;Warner Bros.
Action;2004;The Punisher;Lionsgate
Action;2004;After the Sunset;New Line
Action;2004;Torque;Warner Bros.
Action;2004;The Last Samurai;Warner Bros.
Action;2004;House of Flying Daggers;Box Office History for Sony Pictures Classics
Action;2004;The Matrix Revolutions;Warner Bros.
Action;2004;Ghost in the Shell 2: Innocence;DreamWorks/Go Fish
Action;2004;Zatoichi;Miramax
Action;2004;Kill Bill: Volume 1;Miramax
Action;2004;Silmido;Cinema Service
Action;2004;Dhoom;Yash Raj Films
Action;2004;Warriors of Heaven and Earth;Sony Pictures
Action;2004;Underworld;Sony Pictures
Action;2004;Close Call;Prime Media Pictures
Action;2004;Sky Blue;Maxmedia/Endgame
Action;2004;Once Upon a Time in the Hood;Box Office History for Maverick Entertainment
Action;2005;War of the Worlds;Paramount Pictures
Action;2005;Batman Begins;Warner Bros.
Action;2005;Mr. and Mrs. Smith;20th Century Fox
Action;2005;Fantastic Four;20th Century Fox
Action;2005;Constantine;Warner Bros.
Action;2005;Kingdom of Heaven;20th Century Fox
Action;2005;The Transporter 2;20th Century Fox
Action;2005;The Island;Dreamworks SKG
Action;2005;Hostage;Miramax
Action;2005;Stealth;Sony Pictures
Action;2005;XXX: State of the Union;Sony Pictures
Action;2005;Serenity;Universal
Action;2005;Aeon Flux;Paramount Pictures
Action;2005;Danny the Dog;Focus/Rogue Pictures
Action;2005;Elektra;20th Century Fox
Action;2005;Assault On Precinct 13;Focus/Rogue Pictures
Action;2005;Kung Fu Hustle;Box Office History for Sony Pictures Classics
Action;2005;Domino;New Line
Action;2005;The Great Raid;Miramax
Action;2005;House of Flying Daggers;Box Office History for Sony Pictures Classics
Action;2005;Ong-Bak;Magnolia Pictures
Action;2005;Blade: Trinity;New Line
Action;2005;Supercross;20th Century Fox
Action;2005;A Sound of Thunder;Warner Bros.
Action;2005;State Property 2;Lionsgate
Action;2005;Steamboy;Sony Pictures
Action;2005;De Zaak Alzheimer;Box Office History for Sony Pictures Classics
Action;2005;Secuestro Express;Miramax
Action;2005;Alexander;Warner Bros.
Action;2005;Taxi;20th Century Fox
Action;2005;After the Sunset;New Line
Action;2005;Ek Ajnabee;Eros Entertainment
Action;2005;Matando Cabos;Televisa Cine
Action;2005;Appurushîdo;Geneon Entertainment
Action;2005;D.E.B.S.;Samuel Goldwyn Films
Action;2005;Sky Blue;Maxmedia/Endgame
Action;2005;The Warrior;Miramax
Action;2005;Undead;Lionsgate
Action;2005;Streets of Legend;Lionsgate
Action;2006;X-Men: The Last Stand;20th Century Fox
Action;2006;Casino Royale;Sony Pictures
Action;2006;Mission: Impossible III;Paramount Pictures
Action;2006;V for Vendetta;Warner Bros.
Action;2006;Miami Vice;Universal
Action;2006;The Fast and the Furious: Tokyo Drift;Universal
Action;2006;Underworld: Evolution;Sony Pictures
Action;2006;The Guardian;Walt Disney
Action;2006;Apocalypto;Walt Disney
Action;2006;16 Blocks;Warner Bros.
Action;2006;Blood Diamond;Warner Bros.
Action;2006;Crank;Lionsgate
Action;2006;The Marine;20th Century Fox
Action;2006;Ultraviolet;Sony Pictures
Action;2006;Tom yum goong;Weinstein Co.
Action;2006;Running Scared;New Line
Action;2006;Harsh Times;MGM
Action;2006;Dhoom 2;Yash Raj Films
Action;2006;BloodRayne;Romar
Action;2006;Don;UTV Communications
Action;2006;Man cheng jin dai huang jin jia;Box Office History for Sony Pictures Classics
Action;2006;Nochnoy dozor;Fox Searchlight
Action;2006;Krrish;AdLab Films
Action;2006;Banlieue 13;Magnolia Pictures
Action;2006;Aeon Flux;Paramount Pictures
Action;2006;Wu ji;Warner Independent
Action;2006;Alex Rider: Operation Stormbreaker;Weinstein Co.
Action;2006;Taepung;Paramount Vantage
Action;2006;Renaissance;Miramax
Action;2006;Beowulf & Grendel;Truly Indie
Action;2006;Azumi;Vitagraph Films
Action;2006;Grip: A Criminal's Story;JeTi Films
Action;2006;In Her Line of Fire;Regent Releasing
Action;2007;Transformers;Paramount Pictures
Action;2007;300;Warner Bros.
Action;2007;Rush Hour 3;New Line
Action;2007;Live Free or Die Hard;20th Century Fox
Action;2007;Fantastic Four: Rise of the Silver Surfer;20th Century Fox
Action;2007;Ghost Rider;Sony Pictures
Action;2007;TMNT;Warner Bros.
Action;2007;The Kingdom;Universal
Action;2007;Hitman;20th Century Fox
Action;2007;Aliens vs. Predator - Requiem;20th Century Fox
Action;2007;We Own the Night;Sony Pictures
Action;2007;War;Lionsgate
Action;2007;Blood Diamond;Warner Bros.
Action;2007;Next;Paramount Pictures
Action;2007;Casino Royale;Sony Pictures
Action;2007;Shoot 'Em Up;New Line
Action;2007;Dragon Wars: D-War;Freestyle Releasing
Action;2007;Pathfinder;20th Century Fox
Action;2007;Death Sentence;20th Century Fox
Action;2007;Apocalypto;Walt Disney
Action;2007;The Condemned;Lionsgate
Action;2007;Redline;Chicago Releasing
Action;2007;The Last Legion;Weinstein/Dimension
Action;2007;Rescue Dawn;MGM
Action;2007;Man cheng jin dai huang jin jia;Box Office History for Sony Pictures Classics
Action;2007;Ladron que roba a ladron;Lionsgate
Action;2007;Nitro;Alliance Atlantis
Action;2007;Gwoemul;Magnolia Pictures
Action;2007;Eklavya - The Royal Guard;Eros Entertainment
Action;2007;The Hunting Party;Weinstein Co.
Action;2007;DOA: Dead or Alive;Weinstein/Dimension
Action;2007;Dnevnoy dozor;Fox Searchlight
Action;2007;Fah talai jone;Magnolia Pictures
Action;2007;The Marine;20th Century Fox
Action;2007;Fong juk;Magnolia Pictures
Action;2007;Dhoom 2;Yash Raj Films
Action;2007;Middonaito Îguru;Strand Releasing
Action;2007;Tekkon Kinkreet;
Action;2007;Khon fai bin;Magnolia Pictures
Action;2008;The Dark Knight;Warner Bros.
Action;2008;Hancock;Sony Pictures
Action;2008;Quantum of Solace;Sony Pictures
Action;2008;Wanted;Universal
Action;2008;Cloverfield;Paramount Pictures
Action;2008;Hellboy II: The Golden Army;Universal
Action;2008;The Forbidden Kingdom;Lionsgate
Action;2008;Speed Racer;Warner Bros.
Action;2008;Rambo;Lionsgate
Action;2008;Max Payne;20th Century Fox
Action;2008;Death Race;Universal
Action;2008;Transporter 3;Lionsgate
Action;2008;Never Back Down;Summit Entertainment
Action;2008;Babylon A.D.;20th Century Fox
Action;2008;The X-Files: I Want to Believe;20th Century Fox
Action;2008;The Spirit;Lionsgate
Action;2008;Bangkok Dangerous;Lionsgate
Action;2008;Aliens vs. Predator - Requiem;20th Century Fox
Action;2008;Doomsday;Universal
Action;2008;Punisher: War Zone;Lionsgate
Action;2008;RocknRolla;Warner Bros.
Action;2008;In the Name of the King: A Dungeon Siege Tale;Freestyle Releasing
Action;2008;Singh is Kinng;Studio 18
Action;2008;Redbelt;Box Office History for Sony Pictures Classics
Action;2008;Race;UTV Communications
Action;2008;Tashan;Yash Raj Films
Action;2008;Hitman;20th Century Fox
Action;2008;OSS 117: Le Caire, nid d'espions;Music Box Films
Action;2008;Hell Ride;Weinstein Co.
Action;2008;Ashes of Time;
Action;2008;Beaufort;Kino International
Action;2008;Sukiyaki Western Django;First Look
Action;2008;Tropa de Elite;IFC Films
Action;2008;Vexille;The Bigger Picture
Action;2008;Flash Point;Third Rail
Action;2009;Transformers: Revenge of the Fallen;Paramount Pictures
Action;2009;Avatar;20th Century Fox
Action;2009;X-Men Origins: Wolverine;20th Century Fox
Action;2009;Fast & Furious;Universal
Action;2009;G.I. Joe: The Rise of Cobra;Paramount Pictures
Action;2009;Terminator Salvation;Warner Bros.
Action;2009;Inglourious Basterds;Weinstein Co.
Action;2009;Watchmen;Warner Bros.
Action;2009;The Taking of Pelham 123;Sony Pictures
Action;2009;Underworld 3: Rise of the Lycans;Sony Pictures
Action;2009;Surrogates;Walt Disney
Action;2009;Ninja Assassin;Warner Bros.
Action;2009;Fighting;Universal
Action;2009;Gamer;Lionsgate
Action;2009;Cirque du Freak: The Vampire's Assistant;Universal
Action;2009;12 Rounds;20th Century Fox
Action;2009;The Boondock Saints 2: All Saints Day;Apparition
Action;2009;Street Fighter: The Legend of Chun-Li;20th Century Fox
Action;2009;Quantum of Solace;Sony Pictures
Action;2009;The Dark Knight;Warner Bros.
Action;2009;The Spirit;Lionsgate
Action;2009;Red Cliff;Magnolia Pictures
Action;2009;Der Baader Meinhof Komplex;Vitagraph Films
Action;2009;BLUE;Viva Entertainment
Action;2009;Blood: The Last Vampire;Samuel Goldwyn Films
Action;2009;Black Dynamite;Apparition
Action;2009;Outlander;Third Rail
Action;2009;Ong-Bak 2;Magnolia Pictures
Action;2009;Chocolate;Magnolia Pictures
Action;2009;Max Payne;20th Century Fox
Action;2009;Mutant Chronicles;Magnolia Pictures
Action;2009;Break;Cinema Epoch
Action;2010;Avatar;20th Century Fox
Action;2010;Iron Man 2;Paramount Pictures
Action;2010;The Karate Kid;Sony Pictures
Action;2010;Clash of the Titans;Warner Bros.
Action;2010;Robin Hood;Universal
Action;2010;The Expendables;Lionsgate
Action;2010;The Book of Eli;Warner Bros.
Action;2010;Prince of Persia: Sands of Time;Walt Disney
Action;2010;Red;Summit Entertainment
Action;2010;Unstoppable;20th Century Fox
Action;2010;The A-Team;20th Century Fox
Action;2010;Knight and Day;20th Century Fox
Action;2010;Predators;20th Century Fox
Action;2010;Killers;Lionsgate
Action;2010;Machete;20th Century Fox
Action;2010;The Losers;Warner Bros.
Action;2010;Faster;CBS Films
Action;2010;Repo Men;Universal
Action;2010;Jonah Hex;Warner Bros.
Action;2010;Robot;B4U Movies
Action;2010;Dabangg;Eros Entertainment
Action;2010;Raavan;Big Pictures
Action;2010;Ninja Assassin;Warner Bros.
Action;2010;Veer;Eros Entertainment
Action;2010;The Boondock Saints 2: All Saints Day;Apparition
Action;2010;Once Upon a Time in Mumbai;Viva Entertainment
Action;2010;Prince;Viva Entertainment
Action;2010;Tau ming chong;
Action;2010;Joheunnom nabbeunnom isanghannom;
Action;2010;Centurion;Magnolia Pictures
Action;2010;Red Cliff;Magnolia Pictures
Action;2010;God of Vampires;Nocturnal Features
Action;2010;Valhalla Rising;IFC Films
Action;2010;The Korean;Indican Pictures
Action;2010;Bitch Slap;Freestyle Releasing
Action;2010;Jerusalema;Box Office History for Anchor Bay Entertainment
Action;2011;Transformers: Dark of the Moon;Paramount Pictures
Action;2011;Fast Five;Universal
Action;2011;Thor;Paramount Pictures
Action;2011;Captain America: The First Avenger;Paramount Pictures
Action;2011;X-Men: First Class;20th Century Fox
Action;2011;Mission: Impossible—Ghost Protocol;Paramount Pictures
Action;2011;Sherlock Holmes: A Game of Shadows;Warner Bros.
Action;2011;Green Lantern;Warner Bros.
Action;2011;Cowboys and Aliens;Universal
Action;2011;The Green Hornet;Sony Pictures
Action;2011;Real Steel;Walt Disney
Action;2011;Battle: Los Angeles;Sony Pictures
Action;2011;Immortals;Relativity
Action;2011;Sucker Punch;Warner Bros.
Action;2011;Drive;FilmDistrict
Action;2011;The Mechanic;CBS Films
Action;2011;Killer Elite;Open Road
Action;2011;Season of the Witch;Relativity
Action;2011;Sanctum;Universal
Action;2011;Conan the Barbarian;Lionsgate
Action;2011;The Eagle;Focus Features
Action;2011;The Darkest Hour;Summit Entertainment
Action;2011;Drive Angry;Summit Entertainment
Action;2011;Don 2;Box Office History for Reliance Big Pictures
Action;2011;Ra. One;Eros Entertainment
Action;2011;Unstoppable;20th Century Fox
Action;2011;Bodyguard;Box Office History for Reliance Big Pictures
Action;2011;Salvando al Soldado Perez;Lionsgate
Action;2011;Attack the Block;Sony Pictures
Action;2011;Red;Summit Entertainment
Action;2011;Jûsan-nin no shikaku;Magnolia Pictures
Action;2011;Hobo with a Shotgun;Magnolia Pictures
Action;2011;Metropolis;Paramount Pictures
Action;2011;Faster;CBS Films
Action;2011;Bbuddah: Hoga Tera Baap;
Action;2011;Rascals;Eros Entertainment
Action;2011;Ip Man: Legend of the Grand Master;Variance Films
Action;2011;Bellflower;Box Office History for Oscilloscope Pictures
Action;2011;Game;Eros Entertainment
Action;2011;Tropa de Elite 2: O Inimigo Agora É Outro;Variance Films
Action;2011;Su Qi Er;Indomina Releasing
Action;2011;Shaolin;Variance Films
Action;2011;Gekijouban Trigun: Badlands Rumble;Eleven Arts
Action;2011;Jing mo fung wan: Chen Zhen;Variance Films
Action;2011;Choi-jong-byeong-gi-hwal;CJ Entertainment
Action;2011;Muran;UTV Communications
Action;2011;Bay Rong;Variance Films
Action;2011;Bonnie & Clyde vs. Dracula;Indican Pictures
Action;2011;Ong Bak 3;Magnet Pictures
Action;2011;Saheb Biwi Aur Gangster;UTV Communications
Action;2011;The Heir Apparent: Largo Winch;Music Box Films
Action;2011;Blood Ties;Afterlight Pictures
Action;2012;The Avengers;Walt Disney
Action;2012;The Dark Knight Rises;Warner Bros.
Action;2012;The Hunger Games;Lionsgate
Action;2012;Skyfall;Sony Pictures
Action;2012;Men in Black 3;Sony Pictures
Action;2012;The Expendables 2;Lionsgate
Action;2012;Act of Valor;Relativity
Action;2012;Mission: Impossible—Ghost Protocol;Paramount Pictures
Action;2012;Contraband;Universal
Action;2012;Looper;Sony Pictures
Action;2012;Battleship;Universal
Action;2012;Underworld: Awakening;Sony Pictures
Action;2012;Total Recall;Sony Pictures
Action;2012;Ghost Rider: Spirit of Vengeance;Sony Pictures
Action;2012;Sherlock Holmes: A Game of Shadows;Warner Bros.
Action;2012;Red Dawn;Open Road
Action;2012;Safe;Lionsgate
Action;2012;The Man with the Iron Fists;Universal
Action;2012;Dredd;Lionsgate
Action;2012;The Darkest Hour;Summit Entertainment
Action;2012;Serbuan maut;Box Office History for Sony Pictures Classics
Action;2012;Agneepath;Eros Entertainment
Action;2012;Bol Bachchan;Fox International
Action;2012;Real Steel;Walt Disney
Action;2012;Immortals;Relativity
Action;2012;Son of Sardaar;Eros Entertainment
Action;2012;Dodookdeul;Well Go USA
Action;2012;Don 2;Box Office History for Reliance Big Pictures
Action;2012;Seeking Justice;Box Office History for Anchor Bay Entertainment
Action;2012;Stolen;Alchemy
Action;2012;Drive;FilmDistrict
Action;2012;Thaandavam;UTV Communications
Action;2012;Tai Chi Zero;Variance Films
Action;2012;Vettai;UTV Communications
Action;2012;Long men fei jia;Indomina Releasing
Action;2012;Mugamoodi;UTV Communications
Action;2012;Paan Singh Tomar;UTV Communications
Action;2012;Hua Pi 2;Well Go USA
Action;2012;Sacrifice;Alchemy
Action;2012;Tropa de Elite 2: O Inimigo Agora É Outro;Variance Films
Action;2012;Wu Xia;Weinstein Co.
Action;2012;Total Recall;Sony Pictures
Action;2012;Forces spéciales;Entertainment One
Action;2012;Arjun The Warrior Prince;UTV Communications
Action;2012;BRO';
Action;2012;Universal Soldier: Day of Reckoning;Magnet Pictures
Action;2012;Tomorrow When the War Began;Freestyle Releasing
Action;2012;The Heir Apparent: Largo Winch;Music Box Films
Action;2012;Ta-weo;
Action;2013;Iron Man 3;Walt Disney
Action;2013;Man of Steel;Warner Bros.
Action;2013;Fast and Furious 6;Universal
Action;2013;Thor: The Dark World;Walt Disney
Action;2013;World War Z;Paramount Pictures
Action;2013;The Wolverine;20th Century Fox
Action;2013;G.I. Joe: Retaliation;Paramount Pictures
Action;2013;Pacific Rim;Warner Bros.
Action;2013;Elysium;Sony Pictures
Action;2013;Oblivion;Universal
Action;2013;2 Guns;Universal
Action;2013;A Good Day to Die Hard;20th Century Fox
Action;2013;After Earth;Sony Pictures
Action;2013;Hansel & Gretel: Witch Hunters;Paramount Pictures
Action;2013;RED 2;Lionsgate
Action;2013;Pain & Gain;Paramount Pictures
Action;2013;Gangster Squad;Warner Bros.
Action;2013;Riddick;Universal
Action;2013;R.I.P.D.;Universal
Action;2013;47 Ronin;Universal
Action;2013;Kick-Ass 2;Universal
Action;2013;Homefront;Open Road
Action;2013;The Last Stand;Lionsgate
Action;2013;Bullet to the Head;Warner Bros.
Action;2013;Machete Kills;Open Road
Action;2013;Dhoom 3;Yash Raj Films
Action;2013;Skyfall;Sony Pictures
Action;2013;Top Gun;Paramount Pictures
Action;2013;Oldboy;FilmDistrict
Action;2013;Krrish 3;Eros Entertainment
Action;2013;Race 2;UTV Communications
Action;2013;Red Dawn;Open Road
Action;2013;Shootout at Wadala;Eros Entertainment
Action;2013;Lone Survivor;Universal
Action;2013;Himmatwala;UTV Communications
Action;2013;Cinco de Mayo, La Batalla;Lionsgate
Action;2013;Jeonseolui Joomeok;CJ Entertainment
Action;2013;Un flic;Rialto Pictures
Action;2013;Yip Man: Jung gik yat jin;Well Go USA
Action;2013;Tai Chi Hero;Well Go USA
Action;2013;The Sweeney;Entertainment One
Action;2013;Bai she chuan shuo;Magnolia Pictures
Action;2013;Violet and Daisy;Cinedigm
Action;2013;Pawn Shop Chronicles;Box Office History for Anchor Bay Ente